Log file open, 08/25/25 19:19:09
LogWindows: Failed to load 'aqProf.dll' (GetLastError=126)
LogWindows: File 'aqProf.dll' does not exist
LogWindows: Failed to load 'VtuneApi.dll' (GetLastError=126)
LogWindows: File 'VtuneApi.dll' does not exist
LogWindows: Failed to load 'VtuneApi32e.dll' (GetLastError=126)
LogWindows: File 'VtuneApi32e.dll' does not exist
LogConsoleResponse: Display: Failed to find resolution value strings in scalability ini. Falling back to default.
LogConsoleResponse: Display: Failed to find resolution value strings in scalability ini. Falling back to default.
LogInit: Display: Running engine for game: workdemo
LogPlatformFile: Not using cached read wrapper
LogTaskGraph: Started task graph with 5 named threads and 59 total threads with 3 sets of task threads.
LogStats: Stats thread started at 0.239338
LogICUInternationalization: ICU TimeZone Detection - Raw Offset: +8:00, Platform Override: ''
LogInit: Display: Loading text-based GConfig....
LogPluginManager: Mounting plugin MeshPainting
LogPluginManager: Mounting plugin XGEController
LogPluginManager: Mounting plugin AISupport
LogPluginManager: Mounting plugin Paper2D
LogPluginManager: Mounting plugin EnvironmentQueryEditor
LogPluginManager: Mounting plugin LightPropagationVolume
LogPluginManager: Mounting plugin CameraShakePreviewer
LogPluginManager: Mounting plugin GameplayCameras
LogPluginManager: Mounting plugin OodleData
LogPluginManager: Mounting plugin OodleNetwork
LogPluginManager: Mounting plugin AlembicImporter
LogPluginManager: Mounting plugin DatasmithContent
LogPluginManager: Mounting plugin AutomationUtils
LogPluginManager: Mounting plugin BackChannel
LogPluginManager: Mounting plugin ChaosCloth
LogPluginManager: Mounting plugin ChaosNiagara
LogPluginManager: Mounting plugin ChaosClothEditor
LogPluginManager: Mounting plugin ChaosSolverPlugin
LogPluginManager: Mounting plugin ChaosEditor
LogPluginManager: Mounting plugin VariantManagerContent
LogPluginManager: Mounting plugin CharacterAI
LogPluginManager: Mounting plugin GeometryCollectionPlugin
LogPluginManager: Mounting plugin GeometryProcessing
LogPluginManager: Mounting plugin GeometryCache
LogPluginManager: Mounting plugin OpenImageDenoise
LogPluginManager: Mounting plugin PlanarCut
LogPluginManager: Mounting plugin MotoSynth
LogPluginManager: Mounting plugin ProxyLODPlugin
LogPluginManager: Mounting plugin PythonScriptPlugin
LogPluginManager: Mounting plugin AnimationSharing
LogPluginManager: Mounting plugin CLionSourceCodeAccess
LogPluginManager: Mounting plugin SkeletalReduction
LogPluginManager: Mounting plugin NullSourceCodeAccess
LogPluginManager: Mounting plugin GitSourceControl
LogPluginManager: Mounting plugin CodeLiteSourceCodeAccess
LogPluginManager: Mounting plugin PlatformCrypto
LogPluginManager: Mounting plugin PlasticSourceControl
LogPluginManager: Mounting plugin PaperZD
LogPluginManager: Mounting plugin VisualStudioCodeSourceCodeAccess
LogPluginManager: Mounting plugin KDevelopSourceCodeAccess
LogPluginManager: Mounting plugin PluginUtils
LogPluginManager: Mounting plugin RiderSourceCodeAccess
LogPluginManager: Mounting plugin PropertyAccessNode
LogPluginManager: Mounting plugin LuminPlatformFeatures
LogPluginManager: Mounting plugin UObjectPlugin
LogPluginManager: Mounting plugin XCodeSourceCodeAccess
LogPluginManager: Mounting plugin PixWinPlugin
LogPluginManager: Mounting plugin TextureFormatOodle
LogPluginManager: Mounting plugin SubversionSourceControl
LogPluginManager: Mounting plugin MagicLeap
LogPluginManager: Mounting plugin PerforceSourceControl
LogPluginManager: Mounting plugin VisualStudioSourceCodeAccess
LogPluginManager: Mounting plugin Niagara
LogPluginManager: Mounting plugin MagicLeapLightEstimation
LogPluginManager: Mounting plugin MagicLeapMedia
LogPluginManager: Mounting plugin MagicLeapPassableWorld
LogPluginManager: Mounting plugin MLSDK
LogPluginManager: Mounting plugin AndroidMedia
LogPluginManager: Mounting plugin AvfMedia
LogPluginManager: Mounting plugin TcpMessaging
LogPluginManager: Mounting plugin UdpMessaging
LogPluginManager: Mounting plugin AssetManagerEditor
LogPluginManager: Mounting plugin ImgMedia
LogPluginManager: Mounting plugin CryptoKeys
LogPluginManager: Mounting plugin WebMMedia
LogPluginManager: Mounting plugin CurveEditorTools
LogPluginManager: Mounting plugin DataValidation
LogPluginManager: Mounting plugin MediaCompositing
LogPluginManager: Mounting plugin GeometryMode
LogPluginManager: Mounting plugin MediaPlayerEditor
LogPluginManager: Mounting plugin WmfMedia
LogPluginManager: Mounting plugin GameplayTagsEditor
LogPluginManager: Mounting plugin MaterialAnalyzer
LogPluginManager: Mounting plugin FacialAnimation
LogPluginManager: Mounting plugin PluginBrowser
LogPluginManager: Mounting plugin MobileLauncherProfileWizard
LogPluginManager: Mounting plugin MacGraphicsSwitching
LogPluginManager: Mounting plugin SpeedTreeImporter
LogPluginManager: Mounting plugin OnlineSubsystemNull
LogPluginManager: Mounting plugin OnlineSubsystem
LogPluginManager: Mounting plugin MatineeToLevelSequence
LogPluginManager: Mounting plugin ActorSequence
LogPluginManager: Mounting plugin ActorLayerUtilities
LogPluginManager: Mounting plugin LevelSequenceEditor
LogPluginManager: Mounting plugin AndroidMoviePlayer
LogPluginManager: Mounting plugin TemplateSequence
LogPluginManager: Mounting plugin OnlineSubsystemUtils
LogPluginManager: Mounting plugin AndroidDeviceProfileSelector
LogPluginManager: Mounting plugin AppleMoviePlayer
LogPluginManager: Mounting plugin AndroidPermission
LogPluginManager: Mounting plugin AppleImageUtils
LogPluginManager: Mounting plugin AssetTags
LogPluginManager: Mounting plugin ArchVisCharacter
LogPluginManager: Mounting plugin AudioCapture
LogPluginManager: Mounting plugin CableComponent
LogPluginManager: Mounting plugin ExampleDeviceProfileSelector
LogPluginManager: Mounting plugin AudioSynesthesia
LogPluginManager: Mounting plugin GoogleCloudMessaging
LogPluginManager: Mounting plugin ChunkDownloader
LogPluginManager: Mounting plugin EditableMesh
LogPluginManager: Mounting plugin CustomMeshComponent
LogPluginManager: Mounting plugin GooglePAD
LogPluginManager: Mounting plugin OpenXREyeTracker
LogPluginManager: Mounting plugin LinuxDeviceProfileSelector
LogPluginManager: Mounting plugin OpenXR
LogPluginManager: Mounting plugin ProceduralMeshComponent
LogPluginManager: Mounting plugin PropertyAccessEditor
LogPluginManager: Mounting plugin IOSDeviceProfileSelector
LogPluginManager: Mounting plugin RuntimePhysXCooking
LogPluginManager: Mounting plugin PhysXVehicles
LogPluginManager: Mounting plugin MobilePatchingUtils
LogPluginManager: Mounting plugin OpenXRHandTracking
LogPluginManager: Mounting plugin SoundFields
LogPluginManager: Mounting plugin LocationServicesBPLibrary
LogPluginManager: Mounting plugin PostSplashScreen
LogPluginManager: Mounting plugin LauncherChunkInstaller
LogPluginManager: Mounting plugin SignificanceManager
LogPluginManager: Mounting plugin LiveLink
LogPluginManager: Mounting plugin ScreenshotTools
LogPluginManager: Mounting plugin WebMMoviePlayer
LogPluginManager: Mounting plugin Takes
LogPluginManager: Mounting plugin WindowsMoviePlayer
LogPluginManager: Mounting plugin Synthesis
LogPluginManager: Mounting plugin ContentBrowserAssetDataSource
LogPluginManager: Mounting plugin ContentBrowserClassDataSource
LogPluginManager: Mounting plugin ContentBrowserFileDataSource
LogPluginManager: Mounting plugin OnlineSubsystemGooglePlay
LogPluginManager: Mounting plugin OnlineSubsystemIOS
LogPluginManager: Mounting plugin OculusVR
LogPluginManager: Mounting plugin SteamVR
PixWinPlugin: PIX capture plugin failed to initialize! Check that the process is launched from PIX.
LogInit: Using libcurl 7.55.1-DEV
LogInit:  - built for x86_64-pc-win32
LogInit:  - supports SSL with OpenSSL/1.1.1
LogInit:  - supports HTTP deflate (compression) using libz 1.2.8
LogInit:  - other features:
LogInit:      CURL_VERSION_SSL
LogInit:      CURL_VERSION_LIBZ
LogInit:      CURL_VERSION_IPV6
LogInit:      CURL_VERSION_ASYNCHDNS
LogInit:      CURL_VERSION_LARGEFILE
LogInit:      CURL_VERSION_IDN
LogInit:  CurlRequestOptions (configurable via config and command line):
LogInit:  - bVerifyPeer = true  - Libcurl will verify peer certificate
LogInit:  - bUseHttpProxy = true  - Libcurl will use HTTP proxy
LogInit:  - HttpProxyAddress = '127.0.0.1:7890'
LogInit:  - bDontReuseConnections = false  - Libcurl will reuse connections
LogInit:  - MaxHostConnections = 16  - Libcurl will limit the number of connections to a host
LogInit:  - LocalHostAddr = Default
LogInit:  - BufferSize = 65536
LogOnline: OSS: Creating online subsystem instance for: NULL
LogInit: WinSock: version 1.1 (2.2), MaxSocks=32767, MaxUdp=65467
LogOnline: OSS: TryLoadSubsystemAndSetDefault: Loaded subsystem for module [NULL]
LogOculusPluginWrapper: OculusPlugin initialized successfully
LogHMD: Failed initializing OVRPlugin 1.59.0
LogInit: Build: ++UE4+Release-4.27-CL-18319896
LogInit: Engine Version: 4.27.2-18319896+++UE4+Release-4.27
LogInit: Compatible Engine Version: 4.27.0-17155196+++UE4+Release-4.27
LogInit: Net CL: 17155196
LogInit: OS: Windows 10 (Release 2009) (), CPU: 12th Gen Intel(R) Core(TM) i7-12700H, GPU: NVIDIA GeForce RTX 3060 Laptop GPU
LogInit: Compiled (64-bit): Nov 30 2021 07:12:08
LogInit: Compiled with Visual C++: 19.24.28315.00
LogInit: Build Configuration: Development
LogInit: Branch Name: ++UE4+Release-4.27
LogInit: Command Line:  -AUTH_LOGIN=unused -AUTH_PASSWORD=62f40f665aeb4b5491f6e59738417a45 -AUTH_TYPE=exchangecode -epicapp=UE_4.27 -epicenv=Prod -EpicPortal -epicusername=两枪干飞安倍 -epicuserid=49346de68bdd43cfa9f9c2e2b8bb1f3b -epiclocale=zh-CN -epicsandboxid=ue
LogInit: Base Directory: F:/epic/UE_4.27/Engine/Binaries/Win64/
LogInit: Allocator: TBB
LogInit: Installed Engine Build: 1
LogDevObjectVersion: Number of dev versions registered: 29
LogDevObjectVersion:   Dev-Blueprints (B0D832E4-1F89-4F0D-ACCF-7EB736FD4AA2): 10
LogDevObjectVersion:   Dev-Build (E1C64328-A22C-4D53-A36C-8E866417BD8C): 0
LogDevObjectVersion:   Dev-Core (375EC13C-06E4-48FB-B500-84F0262A717E): 4
LogDevObjectVersion:   Dev-Editor (E4B068ED-F494-42E9-A231-DA0B2E46BB41): 40
LogDevObjectVersion:   Dev-Framework (CFFC743F-43B0-4480-9391-14DF171D2073): 37
LogDevObjectVersion:   Dev-Mobile (B02B49B5-BB20-44E9-A304-32B752E40360): 3
LogDevObjectVersion:   Dev-Networking (A4E4105C-59A1-49B5-A7C5-40C4547EDFEE): 0
LogDevObjectVersion:   Dev-Online (39C831C9-5AE6-47DC-9A44-9C173E1C8E7C): 0
LogDevObjectVersion:   Dev-Physics (78F01B33-EBEA-4F98-B9B4-84EACCB95AA2): 14
LogDevObjectVersion:   Dev-Platform (6631380F-2D4D-43E0-8009-CF276956A95A): 0
LogDevObjectVersion:   Dev-Rendering (12F88B9F-8875-4AFC-A67C-D90C383ABD29): 45
LogDevObjectVersion:   Dev-Sequencer (7B5AE74C-D270-4C10-A958-57980B212A5A): 13
LogDevObjectVersion:   Dev-VR (D7296918-1DD6-4BDD-9DE2-64A83CC13884): 3
LogDevObjectVersion:   Dev-LoadTimes (C2A15278-BFE7-4AFE-6C17-90FF531DF755): 1
LogDevObjectVersion:   Private-Geometry (6EACA3D4-40EC-4CC1-B786-8BED09428FC5): 3
LogDevObjectVersion:   Dev-AnimPhys (29E575DD-E0A3-4627-9D10-D276232CDCEA): 17
LogDevObjectVersion:   Dev-Anim (AF43A65D-7FD3-4947-9873-3E8ED9C1BB05): 15
LogDevObjectVersion:   Dev-ReflectionCapture (6B266CEC-1EC7-4B8F-A30B-E4D90942FC07): 1
LogDevObjectVersion:   Dev-Automation (0DF73D61-A23F-47EA-B727-89E90C41499A): 1
LogDevObjectVersion:   FortniteMain (601D1886-AC64-4F84-AA16-D3DE0DEAC7D6): 47
LogDevObjectVersion:   FortniteRelease (E7086368-6B23-4C58-8439-1B7016265E91): 1
LogDevObjectVersion:   Dev-Enterprise (9DFFBCD6-494F-0158-E221-12823C92A888): 10
LogDevObjectVersion:   Dev-Niagara (F2AED0AC-9AFE-416F-8664-AA7FFA26D6FC): 1
LogDevObjectVersion:   Dev-Destruction (174F1F0B-B4C6-45A5-B13F-2EE8D0FB917D): 10
LogDevObjectVersion:   Dev-Physics-Ext (35F94A83-E258-406C-A318-09F59610247C): 41
LogDevObjectVersion:   Dev-PhysicsMaterial-Chaos (B68FC16E-8B1B-42E2-B453-215C058844FE): 1
LogDevObjectVersion:   Dev-CineCamera (B2E18506-4273-CFC2-A54E-F4BB758BBA07): 1
LogDevObjectVersion:   Dev-VirtualProduction (64F58936-FD1B-42BA-BA96-7289D5D0FA4E): 1
LogDevObjectVersion:   Dev-MediaFramework (6F0ED827-A609-4895-9C91-998D90180EA4): 2
LogInit: Presizing for max 25165824 objects, including 0 objects not considered by GC, pre-allocating 0 bytes for permanent pool.
LogConfig: Applying CVar settings from Section [/Script/Engine.StreamingSettings] File [E:/programs/UE4_learn/workdemo/Saved/Config/Windows/Engine.ini]
LogConfig: Setting CVar [[s.MinBulkDataSizeForAsyncLoading:131072]]
LogConfig: Setting CVar [[s.AsyncLoadingThreadEnabled:0]]
LogConfig: Setting CVar [[s.EventDrivenLoaderEnabled:1]]
LogConfig: Setting CVar [[s.WarnIfTimeLimitExceeded:0]]
LogConfig: Setting CVar [[s.TimeLimitExceededMultiplier:1.5]]
LogConfig: Setting CVar [[s.TimeLimitExceededMinTime:0.005]]
LogConfig: Setting CVar [[s.UseBackgroundLevelStreaming:1]]
LogConfig: Setting CVar [[s.PriorityAsyncLoadingExtraTime:15.0]]
LogConfig: Setting CVar [[s.LevelStreamingActorsUpdateTimeLimit:5.0]]
LogConfig: Setting CVar [[s.PriorityLevelStreamingActorsUpdateExtraTime:5.0]]
LogConfig: Setting CVar [[s.LevelStreamingComponentsRegistrationGranularity:10]]
LogConfig: Setting CVar [[s.UnregisterComponentsTimeLimit:1.0]]
LogConfig: Setting CVar [[s.LevelStreamingComponentsUnregistrationGranularity:5]]
LogConfig: Setting CVar [[s.FlushStreamingOnExit:1]]
LogInit: Object subsystem initialized
LogConfig: Setting CVar [[con.DebugEarlyDefault:1]]
LogConfig: Setting CVar [[r.setres:1280x720]]
[2025.08.25-11.19.09:644][  0]LogConfig: Setting CVar [[r.VSync:0]]
[2025.08.25-11.19.09:644][  0]LogConfig: Setting CVar [[r.RHICmdBypass:0]]
[2025.08.25-11.19.09:644][  0]LogConfig: Applying CVar settings from Section [/Script/Engine.RendererSettings] File [E:/programs/UE4_learn/workdemo/Saved/Config/Windows/Engine.ini]
[2025.08.25-11.19.09:644][  0]LogConfig: Setting CVar [[r.GPUCrashDebugging:0]]
[2025.08.25-11.19.09:644][  0]LogConfig: Setting CVar [[r.DefaultFeature.AntiAliasing:1]]
[2025.08.25-11.19.09:644][  0]LogConfig: Setting CVar [[r.DefaultFeature.MotionBlur:0]]
[2025.08.25-11.19.09:644][  0]LogConfig: Applying CVar settings from Section [/Script/Engine.RendererOverrideSettings] File [E:/programs/UE4_learn/workdemo/Saved/Config/Windows/Engine.ini]
[2025.08.25-11.19.09:644][  0]LogConfig: Applying CVar settings from Section [/Script/Engine.StreamingSettings] File [E:/programs/UE4_learn/workdemo/Saved/Config/Windows/Engine.ini]
[2025.08.25-11.19.09:644][  0]LogConfig: Setting CVar [[s.MinBulkDataSizeForAsyncLoading:131072]]
[2025.08.25-11.19.09:644][  0]LogConfig: Setting CVar [[s.AsyncLoadingThreadEnabled:0]]
[2025.08.25-11.19.09:644][  0]LogConfig: Setting CVar [[s.EventDrivenLoaderEnabled:1]]
[2025.08.25-11.19.09:644][  0]LogConfig: Setting CVar [[s.WarnIfTimeLimitExceeded:0]]
[2025.08.25-11.19.09:644][  0]LogConfig: Setting CVar [[s.TimeLimitExceededMultiplier:1.5]]
[2025.08.25-11.19.09:644][  0]LogConfig: Setting CVar [[s.TimeLimitExceededMinTime:0.005]]
[2025.08.25-11.19.09:644][  0]LogConfig: Setting CVar [[s.UseBackgroundLevelStreaming:1]]
[2025.08.25-11.19.09:644][  0]LogConfig: Setting CVar [[s.PriorityAsyncLoadingExtraTime:15.0]]
[2025.08.25-11.19.09:644][  0]LogConfig: Setting CVar [[s.LevelStreamingActorsUpdateTimeLimit:5.0]]
[2025.08.25-11.19.09:644][  0]LogConfig: Setting CVar [[s.PriorityLevelStreamingActorsUpdateExtraTime:5.0]]
[2025.08.25-11.19.09:644][  0]LogConfig: Setting CVar [[s.LevelStreamingComponentsRegistrationGranularity:10]]
[2025.08.25-11.19.09:644][  0]LogConfig: Setting CVar [[s.UnregisterComponentsTimeLimit:1.0]]
[2025.08.25-11.19.09:644][  0]LogConfig: Setting CVar [[s.LevelStreamingComponentsUnregistrationGranularity:5]]
[2025.08.25-11.19.09:644][  0]LogConfig: Setting CVar [[s.FlushStreamingOnExit:1]]
[2025.08.25-11.19.09:644][  0]LogConfig: Applying CVar settings from Section [/Script/Engine.GarbageCollectionSettings] File [E:/programs/UE4_learn/workdemo/Saved/Config/Windows/Engine.ini]
[2025.08.25-11.19.09:644][  0]LogConfig: Setting CVar [[gc.MaxObjectsNotConsideredByGC:1]]
[2025.08.25-11.19.09:644][  0]LogConfig: Setting CVar [[gc.SizeOfPermanentObjectPool:0]]
[2025.08.25-11.19.09:644][  0]LogConfig: Setting CVar [[gc.FlushStreamingOnGC:0]]
[2025.08.25-11.19.09:644][  0]LogConfig: Setting CVar [[gc.NumRetriesBeforeForcingGC:10]]
[2025.08.25-11.19.09:644][  0]LogConfig: Setting CVar [[gc.AllowParallelGC:1]]
[2025.08.25-11.19.09:644][  0]LogConfig: Setting CVar [[gc.TimeBetweenPurgingPendingKillObjects:61.1]]
[2025.08.25-11.19.09:644][  0]LogConfig: Setting CVar [[gc.MaxObjectsInEditor:25165824]]
[2025.08.25-11.19.09:644][  0]LogConfig: Setting CVar [[gc.IncrementalBeginDestroyEnabled:1]]
[2025.08.25-11.19.09:644][  0]LogConfig: Setting CVar [[gc.CreateGCClusters:1]]
[2025.08.25-11.19.09:644][  0]LogConfig: Setting CVar [[gc.MinGCClusterSize:5]]
[2025.08.25-11.19.09:644][  0]LogConfig: Setting CVar [[gc.ActorClusteringEnabled:0]]
[2025.08.25-11.19.09:644][  0]LogConfig: Setting CVar [[gc.BlueprintClusteringEnabled:0]]
[2025.08.25-11.19.09:644][  0]LogConfig: Setting CVar [[gc.UseDisregardForGCOnDedicatedServers:0]]
[2025.08.25-11.19.09:644][  0]LogConfig: Setting CVar [[gc.MultithreadedDestructionEnabled:1]]
[2025.08.25-11.19.09:644][  0]LogConfig: Applying CVar settings from Section [/Script/Engine.NetworkSettings] File [E:/programs/UE4_learn/workdemo/Saved/Config/Windows/Engine.ini]
[2025.08.25-11.19.09:644][  0]LogConfig: Applying CVar settings from Section [/Script/UnrealEd.CookerSettings] File [E:/programs/UE4_learn/workdemo/Saved/Config/Windows/Engine.ini]
[2025.08.25-11.19.09:684][  0]LogConfig: Applying CVar settings from Section [ViewDistanceQuality@3] File [E:/programs/UE4_learn/workdemo/Saved/Config/Windows/Scalability.ini]
[2025.08.25-11.19.09:684][  0]LogConfig: Setting CVar [[r.SkeletalMeshLODBias:0]]
[2025.08.25-11.19.09:684][  0]LogConfig: Setting CVar [[r.ViewDistanceScale:1.0]]
[2025.08.25-11.19.09:684][  0]LogConfig: Applying CVar settings from Section [AntiAliasingQuality@3] File [E:/programs/UE4_learn/workdemo/Saved/Config/Windows/Scalability.ini]
[2025.08.25-11.19.09:684][  0]LogConfig: Setting CVar [[r.PostProcessAAQuality:4]]
[2025.08.25-11.19.09:684][  0]LogConfig: Applying CVar settings from Section [ShadowQuality@3] File [E:/programs/UE4_learn/workdemo/Saved/Config/Windows/Scalability.ini]
[2025.08.25-11.19.09:684][  0]LogConfig: Setting CVar [[r.LightFunctionQuality:1]]
[2025.08.25-11.19.09:684][  0]LogConfig: Setting CVar [[r.ShadowQuality:5]]
[2025.08.25-11.19.09:684][  0]LogConfig: Setting CVar [[r.Shadow.CSM.MaxCascades:10]]
[2025.08.25-11.19.09:684][  0]LogConfig: Setting CVar [[r.Shadow.MaxResolution:2048]]
[2025.08.25-11.19.09:684][  0]LogConfig: Setting CVar [[r.Shadow.MaxCSMResolution:2048]]
[2025.08.25-11.19.09:684][  0]LogConfig: Setting CVar [[r.Shadow.RadiusThreshold:0.01]]
[2025.08.25-11.19.09:684][  0]LogConfig: Setting CVar [[r.Shadow.DistanceScale:1.0]]
[2025.08.25-11.19.09:684][  0]LogConfig: Setting CVar [[r.Shadow.CSM.TransitionScale:1.0]]
[2025.08.25-11.19.09:684][  0]LogConfig: Setting CVar [[r.Shadow.PreShadowResolutionFactor:1.0]]
[2025.08.25-11.19.09:684][  0]LogConfig: Setting CVar [[r.DistanceFieldShadowing:1]]
[2025.08.25-11.19.09:684][  0]LogConfig: Setting CVar [[r.DistanceFieldAO:1]]
[2025.08.25-11.19.09:684][  0]LogConfig: Setting CVar [[r.AOQuality:2]]
[2025.08.25-11.19.09:684][  0]LogConfig: Setting CVar [[r.VolumetricFog:1]]
[2025.08.25-11.19.09:684][  0]LogConfig: Setting CVar [[r.VolumetricFog.GridPixelSize:8]]
[2025.08.25-11.19.09:684][  0]LogConfig: Setting CVar [[r.VolumetricFog.GridSizeZ:128]]
[2025.08.25-11.19.09:684][  0]LogConfig: Setting CVar [[r.VolumetricFog.HistoryMissSupersampleCount:4]]
[2025.08.25-11.19.09:684][  0]LogConfig: Setting CVar [[r.LightMaxDrawDistanceScale:1]]
[2025.08.25-11.19.09:684][  0]LogConfig: Setting CVar [[r.CapsuleShadows:1]]
[2025.08.25-11.19.09:684][  0]LogConfig: Applying CVar settings from Section [PostProcessQuality@3] File [E:/programs/UE4_learn/workdemo/Saved/Config/Windows/Scalability.ini]
[2025.08.25-11.19.09:684][  0]LogConfig: Setting CVar [[r.MotionBlurQuality:4]]
[2025.08.25-11.19.09:684][  0]LogConfig: Setting CVar [[r.AmbientOcclusionMipLevelFactor:0.4]]
[2025.08.25-11.19.09:684][  0]LogConfig: Setting CVar [[r.AmbientOcclusionMaxQuality:100]]
[2025.08.25-11.19.09:684][  0]LogConfig: Setting CVar [[r.AmbientOcclusionLevels:-1]]
[2025.08.25-11.19.09:684][  0]LogConfig: Setting CVar [[r.AmbientOcclusionRadiusScale:1.0]]
[2025.08.25-11.19.09:684][  0]LogConfig: Setting CVar [[r.DepthOfFieldQuality:2]]
[2025.08.25-11.19.09:684][  0]LogConfig: Setting CVar [[r.RenderTargetPoolMin:400]]
[2025.08.25-11.19.09:684][  0]LogConfig: Setting CVar [[r.LensFlareQuality:2]]
[2025.08.25-11.19.09:684][  0]LogConfig: Setting CVar [[r.SceneColorFringeQuality:1]]
[2025.08.25-11.19.09:684][  0]LogConfig: Setting CVar [[r.EyeAdaptationQuality:2]]
[2025.08.25-11.19.09:684][  0]LogConfig: Setting CVar [[r.BloomQuality:5]]
[2025.08.25-11.19.09:684][  0]LogConfig: Setting CVar [[r.FastBlurThreshold:100]]
[2025.08.25-11.19.09:684][  0]LogConfig: Setting CVar [[r.Upscale.Quality:3]]
[2025.08.25-11.19.09:684][  0]LogConfig: Setting CVar [[r.Tonemapper.GrainQuantization:1]]
[2025.08.25-11.19.09:684][  0]LogConfig: Setting CVar [[r.LightShaftQuality:1]]
[2025.08.25-11.19.09:684][  0]LogConfig: Setting CVar [[r.Filter.SizeScale:1]]
[2025.08.25-11.19.09:684][  0]LogConfig: Setting CVar [[r.Tonemapper.Quality:5]]
[2025.08.25-11.19.09:684][  0]LogConfig: Setting CVar [[r.DOF.Gather.AccumulatorQuality:1        ; higher gathering accumulator quality]]
[2025.08.25-11.19.09:684][  0]LogConfig: Setting CVar [[r.DOF.Gather.PostfilterMethod:1          ; Median3x3 postfilering method]]
[2025.08.25-11.19.09:684][  0]LogConfig: Setting CVar [[r.DOF.Gather.EnableBokehSettings:0       ; no bokeh simulation when gathering]]
[2025.08.25-11.19.09:684][  0]LogConfig: Setting CVar [[r.DOF.Gather.RingCount:4                 ; medium number of samples when gathering]]
[2025.08.25-11.19.09:684][  0]LogConfig: Setting CVar [[r.DOF.Scatter.ForegroundCompositing:1    ; additive foreground scattering]]
[2025.08.25-11.19.09:684][  0]LogConfig: Setting CVar [[r.DOF.Scatter.BackgroundCompositing:2    ; additive background scattering]]
[2025.08.25-11.19.09:684][  0]LogConfig: Setting CVar [[r.DOF.Scatter.EnableBokehSettings:1      ; bokeh simulation when scattering]]
[2025.08.25-11.19.09:684][  0]LogConfig: Setting CVar [[r.DOF.Scatter.MaxSpriteRatio:0.1         ; only a maximum of 10% of scattered bokeh]]
[2025.08.25-11.19.09:684][  0]LogConfig: Setting CVar [[r.DOF.Recombine.Quality:1                ; cheap slight out of focus]]
[2025.08.25-11.19.09:684][  0]LogConfig: Setting CVar [[r.DOF.Recombine.EnableBokehSettings:0    ; no bokeh simulation on slight out of focus]]
[2025.08.25-11.19.09:684][  0]LogConfig: Setting CVar [[r.DOF.TemporalAAQuality:1                ; more stable temporal accumulation]]
[2025.08.25-11.19.09:684][  0]LogConfig: Setting CVar [[r.DOF.Kernel.MaxForegroundRadius:0.025]]
[2025.08.25-11.19.09:684][  0]LogConfig: Setting CVar [[r.DOF.Kernel.MaxBackgroundRadius:0.025]]
[2025.08.25-11.19.09:684][  0]LogConfig: Applying CVar settings from Section [TextureQuality@3] File [E:/programs/UE4_learn/workdemo/Saved/Config/Windows/Scalability.ini]
[2025.08.25-11.19.09:684][  0]LogConfig: Setting CVar [[r.Streaming.MipBias:0]]
[2025.08.25-11.19.09:684][  0]LogConfig: Setting CVar [[r.Streaming.AmortizeCPUToGPUCopy:0]]
[2025.08.25-11.19.09:684][  0]LogConfig: Setting CVar [[r.Streaming.MaxNumTexturesToStreamPerFrame:0]]
[2025.08.25-11.19.09:684][  0]LogConfig: Setting CVar [[r.Streaming.Boost:1]]
[2025.08.25-11.19.09:684][  0]LogConfig: Setting CVar [[r.MaxAnisotropy:8]]
[2025.08.25-11.19.09:684][  0]LogConfig: Setting CVar [[r.VT.MaxAnisotropy:8]]
[2025.08.25-11.19.09:684][  0]LogConfig: Setting CVar [[r.Streaming.LimitPoolSizeToVRAM:0]]
[2025.08.25-11.19.09:684][  0]LogConfig: Setting CVar [[r.Streaming.PoolSize:1000]]
[2025.08.25-11.19.09:684][  0]LogConfig: Setting CVar [[r.Streaming.MaxEffectiveScreenSize:0]]
[2025.08.25-11.19.09:684][  0]LogConfig: Applying CVar settings from Section [EffectsQuality@3] File [E:/programs/UE4_learn/workdemo/Saved/Config/Windows/Scalability.ini]
[2025.08.25-11.19.09:684][  0]LogConfig: Setting CVar [[r.TranslucencyLightingVolumeDim:64]]
[2025.08.25-11.19.09:684][  0]LogConfig: Setting CVar [[r.RefractionQuality:2]]
[2025.08.25-11.19.09:684][  0]LogConfig: Setting CVar [[r.SSR.Quality:3]]
[2025.08.25-11.19.09:684][  0]LogConfig: Setting CVar [[r.SSR.HalfResSceneColor:0]]
[2025.08.25-11.19.09:684][  0]LogConfig: Setting CVar [[r.SceneColorFormat:4]]
[2025.08.25-11.19.09:684][  0]LogConfig: Setting CVar [[r.DetailMode:2]]
[2025.08.25-11.19.09:684][  0]LogConfig: Setting CVar [[r.TranslucencyVolumeBlur:1]]
[2025.08.25-11.19.09:685][  0]LogConfig: Setting CVar [[r.MaterialQualityLevel:1 ; High quality]]
[2025.08.25-11.19.09:685][  0]LogConfig: Setting CVar [[r.AnisotropicMaterials:1]]
[2025.08.25-11.19.09:685][  0]LogConfig: Setting CVar [[r.SSS.Scale:1]]
[2025.08.25-11.19.09:685][  0]LogConfig: Setting CVar [[r.SSS.SampleSet:2]]
[2025.08.25-11.19.09:685][  0]LogConfig: Setting CVar [[r.SSS.Quality:1]]
[2025.08.25-11.19.09:685][  0]LogConfig: Setting CVar [[r.SSS.HalfRes:0]]
[2025.08.25-11.19.09:685][  0]LogConfig: Setting CVar [[r.SSGI.Quality:3]]
[2025.08.25-11.19.09:685][  0]LogConfig: Setting CVar [[r.EmitterSpawnRateScale:1.0]]
[2025.08.25-11.19.09:685][  0]LogConfig: Setting CVar [[r.ParticleLightQuality:2]]
[2025.08.25-11.19.09:685][  0]LogConfig: Setting CVar [[r.SkyAtmosphere.AerialPerspectiveLUT.FastApplyOnOpaque:1 ; Always have FastSkyLUT 1 in this case to avoid wrong sky]]
[2025.08.25-11.19.09:685][  0]LogConfig: Setting CVar [[r.SkyAtmosphere.AerialPerspectiveLUT.SampleCountMaxPerSlice:4]]
[2025.08.25-11.19.09:685][  0]LogConfig: Setting CVar [[r.SkyAtmosphere.AerialPerspectiveLUT.DepthResolution:16.0]]
[2025.08.25-11.19.09:685][  0]LogConfig: Setting CVar [[r.SkyAtmosphere.FastSkyLUT:1]]
[2025.08.25-11.19.09:685][  0]LogConfig: Setting CVar [[r.SkyAtmosphere.FastSkyLUT.SampleCountMin:4.0]]
[2025.08.25-11.19.09:685][  0]LogConfig: Setting CVar [[r.SkyAtmosphere.FastSkyLUT.SampleCountMax:128.0]]
[2025.08.25-11.19.09:685][  0]LogConfig: Setting CVar [[r.SkyAtmosphere.SampleCountMin:4.0]]
[2025.08.25-11.19.09:685][  0]LogConfig: Setting CVar [[r.SkyAtmosphere.SampleCountMax:128.0]]
[2025.08.25-11.19.09:685][  0]LogConfig: Setting CVar [[r.SkyAtmosphere.TransmittanceLUT.UseSmallFormat:0]]
[2025.08.25-11.19.09:685][  0]LogConfig: Setting CVar [[r.SkyAtmosphere.TransmittanceLUT.SampleCount:10.0]]
[2025.08.25-11.19.09:685][  0]LogConfig: Setting CVar [[r.SkyAtmosphere.MultiScatteringLUT.SampleCount:15.0]]
[2025.08.25-11.19.09:685][  0]LogConfig: Setting CVar [[r.SkyLight.RealTimeReflectionCapture:1]]
[2025.08.25-11.19.09:685][  0]LogConfig: Applying CVar settings from Section [FoliageQuality@3] File [E:/programs/UE4_learn/workdemo/Saved/Config/Windows/Scalability.ini]
[2025.08.25-11.19.09:685][  0]LogConfig: Setting CVar [[foliage.DensityScale:1.0]]
[2025.08.25-11.19.09:685][  0]LogConfig: Setting CVar [[grass.DensityScale:1.0]]
[2025.08.25-11.19.09:685][  0]LogConfig: Applying CVar settings from Section [ShadingQuality@3] File [E:/programs/UE4_learn/workdemo/Saved/Config/Windows/Scalability.ini]
[2025.08.25-11.19.09:685][  0]LogConfig: Setting CVar [[r.HairStrands.SkyLighting.IntegrationType:2]]
[2025.08.25-11.19.09:685][  0]LogConfig: Setting CVar [[r.HairStrands.SkyAO.SampleCount:4]]
[2025.08.25-11.19.09:685][  0]LogConfig: Setting CVar [[r.HairStrands.Visibility.MSAA.SamplePerPixel:4]]
[2025.08.25-11.19.09:685][  0]LogInit: Selected Device Profile: [Windows]
[2025.08.25-11.19.09:685][  0]LogInit: Applying CVar settings loaded from the selected device profile: [Windows]
[2025.08.25-11.19.09:685][  0]LogHAL: Display: Platform has ~ 16 GB [16870006784 / 17179869184 / 16], which maps to Larger [LargestMinGB=32, LargerMinGB=12, DefaultMinGB=8, SmallerMinGB=6, SmallestMinGB=0)
[2025.08.25-11.19.09:685][  0]LogInit: Going up to parent DeviceProfile []
[2025.08.25-11.19.09:685][  0]LogConfig: Applying CVar settings from Section [ViewDistanceQuality@3] File [E:/programs/UE4_learn/workdemo/Saved/Config/Windows/Scalability.ini]
[2025.08.25-11.19.09:685][  0]LogConfig: Setting CVar [[r.SkeletalMeshLODBias:0]]
[2025.08.25-11.19.09:685][  0]LogConfig: Setting CVar [[r.ViewDistanceScale:1.0]]
[2025.08.25-11.19.09:685][  0]LogConfig: Applying CVar settings from Section [AntiAliasingQuality@3] File [E:/programs/UE4_learn/workdemo/Saved/Config/Windows/Scalability.ini]
[2025.08.25-11.19.09:685][  0]LogConfig: Setting CVar [[r.PostProcessAAQuality:4]]
[2025.08.25-11.19.09:685][  0]LogConfig: Applying CVar settings from Section [ShadowQuality@3] File [E:/programs/UE4_learn/workdemo/Saved/Config/Windows/Scalability.ini]
[2025.08.25-11.19.09:685][  0]LogConfig: Setting CVar [[r.LightFunctionQuality:1]]
[2025.08.25-11.19.09:685][  0]LogConfig: Setting CVar [[r.ShadowQuality:5]]
[2025.08.25-11.19.09:685][  0]LogConfig: Setting CVar [[r.Shadow.CSM.MaxCascades:10]]
[2025.08.25-11.19.09:685][  0]LogConfig: Setting CVar [[r.Shadow.MaxResolution:2048]]
[2025.08.25-11.19.09:685][  0]LogConfig: Setting CVar [[r.Shadow.MaxCSMResolution:2048]]
[2025.08.25-11.19.09:685][  0]LogConfig: Setting CVar [[r.Shadow.RadiusThreshold:0.01]]
[2025.08.25-11.19.09:685][  0]LogConfig: Setting CVar [[r.Shadow.DistanceScale:1.0]]
[2025.08.25-11.19.09:685][  0]LogConfig: Setting CVar [[r.Shadow.CSM.TransitionScale:1.0]]
[2025.08.25-11.19.09:685][  0]LogConfig: Setting CVar [[r.Shadow.PreShadowResolutionFactor:1.0]]
[2025.08.25-11.19.09:685][  0]LogConfig: Setting CVar [[r.DistanceFieldShadowing:1]]
[2025.08.25-11.19.09:685][  0]LogConfig: Setting CVar [[r.DistanceFieldAO:1]]
[2025.08.25-11.19.09:685][  0]LogConfig: Setting CVar [[r.AOQuality:2]]
[2025.08.25-11.19.09:685][  0]LogConfig: Setting CVar [[r.VolumetricFog:1]]
[2025.08.25-11.19.09:685][  0]LogConfig: Setting CVar [[r.VolumetricFog.GridPixelSize:8]]
[2025.08.25-11.19.09:685][  0]LogConfig: Setting CVar [[r.VolumetricFog.GridSizeZ:128]]
[2025.08.25-11.19.09:685][  0]LogConfig: Setting CVar [[r.VolumetricFog.HistoryMissSupersampleCount:4]]
[2025.08.25-11.19.09:685][  0]LogConfig: Setting CVar [[r.LightMaxDrawDistanceScale:1]]
[2025.08.25-11.19.09:685][  0]LogConfig: Setting CVar [[r.CapsuleShadows:1]]
[2025.08.25-11.19.09:685][  0]LogConfig: Applying CVar settings from Section [PostProcessQuality@3] File [E:/programs/UE4_learn/workdemo/Saved/Config/Windows/Scalability.ini]
[2025.08.25-11.19.09:685][  0]LogConfig: Setting CVar [[r.MotionBlurQuality:4]]
[2025.08.25-11.19.09:685][  0]LogConfig: Setting CVar [[r.AmbientOcclusionMipLevelFactor:0.4]]
[2025.08.25-11.19.09:685][  0]LogConfig: Setting CVar [[r.AmbientOcclusionMaxQuality:100]]
[2025.08.25-11.19.09:685][  0]LogConfig: Setting CVar [[r.AmbientOcclusionLevels:-1]]
[2025.08.25-11.19.09:685][  0]LogConfig: Setting CVar [[r.AmbientOcclusionRadiusScale:1.0]]
[2025.08.25-11.19.09:685][  0]LogConfig: Setting CVar [[r.DepthOfFieldQuality:2]]
[2025.08.25-11.19.09:685][  0]LogConfig: Setting CVar [[r.RenderTargetPoolMin:400]]
[2025.08.25-11.19.09:685][  0]LogConfig: Setting CVar [[r.LensFlareQuality:2]]
[2025.08.25-11.19.09:685][  0]LogConfig: Setting CVar [[r.SceneColorFringeQuality:1]]
[2025.08.25-11.19.09:685][  0]LogConfig: Setting CVar [[r.EyeAdaptationQuality:2]]
[2025.08.25-11.19.09:685][  0]LogConfig: Setting CVar [[r.BloomQuality:5]]
[2025.08.25-11.19.09:685][  0]LogConfig: Setting CVar [[r.FastBlurThreshold:100]]
[2025.08.25-11.19.09:685][  0]LogConfig: Setting CVar [[r.Upscale.Quality:3]]
[2025.08.25-11.19.09:685][  0]LogConfig: Setting CVar [[r.Tonemapper.GrainQuantization:1]]
[2025.08.25-11.19.09:685][  0]LogConfig: Setting CVar [[r.LightShaftQuality:1]]
[2025.08.25-11.19.09:685][  0]LogConfig: Setting CVar [[r.Filter.SizeScale:1]]
[2025.08.25-11.19.09:685][  0]LogConfig: Setting CVar [[r.Tonemapper.Quality:5]]
[2025.08.25-11.19.09:685][  0]LogConfig: Setting CVar [[r.DOF.Gather.AccumulatorQuality:1        ; higher gathering accumulator quality]]
[2025.08.25-11.19.09:685][  0]LogConfig: Setting CVar [[r.DOF.Gather.PostfilterMethod:1          ; Median3x3 postfilering method]]
[2025.08.25-11.19.09:685][  0]LogConfig: Setting CVar [[r.DOF.Gather.EnableBokehSettings:0       ; no bokeh simulation when gathering]]
[2025.08.25-11.19.09:685][  0]LogConfig: Setting CVar [[r.DOF.Gather.RingCount:4                 ; medium number of samples when gathering]]
[2025.08.25-11.19.09:685][  0]LogConfig: Setting CVar [[r.DOF.Scatter.ForegroundCompositing:1    ; additive foreground scattering]]
[2025.08.25-11.19.09:685][  0]LogConfig: Setting CVar [[r.DOF.Scatter.BackgroundCompositing:2    ; additive background scattering]]
[2025.08.25-11.19.09:685][  0]LogConfig: Setting CVar [[r.DOF.Scatter.EnableBokehSettings:1      ; bokeh simulation when scattering]]
[2025.08.25-11.19.09:685][  0]LogConfig: Setting CVar [[r.DOF.Scatter.MaxSpriteRatio:0.1         ; only a maximum of 10% of scattered bokeh]]
[2025.08.25-11.19.09:685][  0]LogConfig: Setting CVar [[r.DOF.Recombine.Quality:1                ; cheap slight out of focus]]
[2025.08.25-11.19.09:685][  0]LogConfig: Setting CVar [[r.DOF.Recombine.EnableBokehSettings:0    ; no bokeh simulation on slight out of focus]]
[2025.08.25-11.19.09:685][  0]LogConfig: Setting CVar [[r.DOF.TemporalAAQuality:1                ; more stable temporal accumulation]]
[2025.08.25-11.19.09:685][  0]LogConfig: Setting CVar [[r.DOF.Kernel.MaxForegroundRadius:0.025]]
[2025.08.25-11.19.09:685][  0]LogConfig: Setting CVar [[r.DOF.Kernel.MaxBackgroundRadius:0.025]]
[2025.08.25-11.19.09:685][  0]LogConfig: Applying CVar settings from Section [TextureQuality@3] File [E:/programs/UE4_learn/workdemo/Saved/Config/Windows/Scalability.ini]
[2025.08.25-11.19.09:685][  0]LogConfig: Setting CVar [[r.Streaming.MipBias:0]]
[2025.08.25-11.19.09:685][  0]LogConfig: Setting CVar [[r.Streaming.AmortizeCPUToGPUCopy:0]]
[2025.08.25-11.19.09:685][  0]LogConfig: Setting CVar [[r.Streaming.MaxNumTexturesToStreamPerFrame:0]]
[2025.08.25-11.19.09:685][  0]LogConfig: Setting CVar [[r.Streaming.Boost:1]]
[2025.08.25-11.19.09:685][  0]LogConfig: Setting CVar [[r.MaxAnisotropy:8]]
[2025.08.25-11.19.09:685][  0]LogConfig: Setting CVar [[r.VT.MaxAnisotropy:8]]
[2025.08.25-11.19.09:685][  0]LogConfig: Setting CVar [[r.Streaming.LimitPoolSizeToVRAM:0]]
[2025.08.25-11.19.09:685][  0]LogConfig: Setting CVar [[r.Streaming.PoolSize:1000]]
[2025.08.25-11.19.09:685][  0]LogConfig: Setting CVar [[r.Streaming.MaxEffectiveScreenSize:0]]
[2025.08.25-11.19.09:685][  0]LogConfig: Applying CVar settings from Section [EffectsQuality@3] File [E:/programs/UE4_learn/workdemo/Saved/Config/Windows/Scalability.ini]
[2025.08.25-11.19.09:685][  0]LogConfig: Setting CVar [[r.TranslucencyLightingVolumeDim:64]]
[2025.08.25-11.19.09:685][  0]LogConfig: Setting CVar [[r.RefractionQuality:2]]
[2025.08.25-11.19.09:685][  0]LogConfig: Setting CVar [[r.SSR.Quality:3]]
[2025.08.25-11.19.09:685][  0]LogConfig: Setting CVar [[r.SSR.HalfResSceneColor:0]]
[2025.08.25-11.19.09:685][  0]LogConfig: Setting CVar [[r.SceneColorFormat:4]]
[2025.08.25-11.19.09:685][  0]LogConfig: Setting CVar [[r.DetailMode:2]]
[2025.08.25-11.19.09:685][  0]LogConfig: Setting CVar [[r.TranslucencyVolumeBlur:1]]
[2025.08.25-11.19.09:685][  0]LogConfig: Setting CVar [[r.MaterialQualityLevel:1 ; High quality]]
[2025.08.25-11.19.09:685][  0]LogConfig: Setting CVar [[r.AnisotropicMaterials:1]]
[2025.08.25-11.19.09:685][  0]LogConfig: Setting CVar [[r.SSS.Scale:1]]
[2025.08.25-11.19.09:685][  0]LogConfig: Setting CVar [[r.SSS.SampleSet:2]]
[2025.08.25-11.19.09:685][  0]LogConfig: Setting CVar [[r.SSS.Quality:1]]
[2025.08.25-11.19.09:685][  0]LogConfig: Setting CVar [[r.SSS.HalfRes:0]]
[2025.08.25-11.19.09:685][  0]LogConfig: Setting CVar [[r.SSGI.Quality:3]]
[2025.08.25-11.19.09:685][  0]LogConfig: Setting CVar [[r.EmitterSpawnRateScale:1.0]]
[2025.08.25-11.19.09:685][  0]LogConfig: Setting CVar [[r.ParticleLightQuality:2]]
[2025.08.25-11.19.09:685][  0]LogConfig: Setting CVar [[r.SkyAtmosphere.AerialPerspectiveLUT.FastApplyOnOpaque:1 ; Always have FastSkyLUT 1 in this case to avoid wrong sky]]
[2025.08.25-11.19.09:685][  0]LogConfig: Setting CVar [[r.SkyAtmosphere.AerialPerspectiveLUT.SampleCountMaxPerSlice:4]]
[2025.08.25-11.19.09:685][  0]LogConfig: Setting CVar [[r.SkyAtmosphere.AerialPerspectiveLUT.DepthResolution:16.0]]
[2025.08.25-11.19.09:685][  0]LogConfig: Setting CVar [[r.SkyAtmosphere.FastSkyLUT:1]]
[2025.08.25-11.19.09:685][  0]LogConfig: Setting CVar [[r.SkyAtmosphere.FastSkyLUT.SampleCountMin:4.0]]
[2025.08.25-11.19.09:685][  0]LogConfig: Setting CVar [[r.SkyAtmosphere.FastSkyLUT.SampleCountMax:128.0]]
[2025.08.25-11.19.09:686][  0]LogConfig: Setting CVar [[r.SkyAtmosphere.SampleCountMin:4.0]]
[2025.08.25-11.19.09:686][  0]LogConfig: Setting CVar [[r.SkyAtmosphere.SampleCountMax:128.0]]
[2025.08.25-11.19.09:686][  0]LogConfig: Setting CVar [[r.SkyAtmosphere.TransmittanceLUT.UseSmallFormat:0]]
[2025.08.25-11.19.09:686][  0]LogConfig: Setting CVar [[r.SkyAtmosphere.TransmittanceLUT.SampleCount:10.0]]
[2025.08.25-11.19.09:686][  0]LogConfig: Setting CVar [[r.SkyAtmosphere.MultiScatteringLUT.SampleCount:15.0]]
[2025.08.25-11.19.09:686][  0]LogConfig: Setting CVar [[r.SkyLight.RealTimeReflectionCapture:1]]
[2025.08.25-11.19.09:686][  0]LogConfig: Applying CVar settings from Section [FoliageQuality@3] File [E:/programs/UE4_learn/workdemo/Saved/Config/Windows/Scalability.ini]
[2025.08.25-11.19.09:686][  0]LogConfig: Setting CVar [[foliage.DensityScale:1.0]]
[2025.08.25-11.19.09:686][  0]LogConfig: Setting CVar [[grass.DensityScale:1.0]]
[2025.08.25-11.19.09:686][  0]LogConfig: Applying CVar settings from Section [ShadingQuality@3] File [E:/programs/UE4_learn/workdemo/Saved/Config/Windows/Scalability.ini]
[2025.08.25-11.19.09:686][  0]LogConfig: Setting CVar [[r.HairStrands.SkyLighting.IntegrationType:2]]
[2025.08.25-11.19.09:686][  0]LogConfig: Setting CVar [[r.HairStrands.SkyAO.SampleCount:4]]
[2025.08.25-11.19.09:686][  0]LogConfig: Setting CVar [[r.HairStrands.Visibility.MSAA.SamplePerPixel:4]]
[2025.08.25-11.19.09:686][  0]LogConfig: Applying CVar settings from Section [Startup] File [../../../Engine/Config/ConsoleVariables.ini]
[2025.08.25-11.19.09:686][  0]LogConfig: Setting CVar [[net.UseAdaptiveNetUpdateFrequency:0]]
[2025.08.25-11.19.09:686][  0]LogConfig: Setting CVar [[p.chaos.AllowCreatePhysxBodies:1]]
[2025.08.25-11.19.09:686][  0]LogConfig: Setting CVar [[fx.SkipVectorVMBackendOptimizations:1]]
[2025.08.25-11.19.09:686][  0]LogConfig: Applying CVar settings from Section [ConsoleVariables] File [E:/programs/UE4_learn/workdemo/Saved/Config/Windows/Engine.ini]
[2025.08.25-11.19.09:686][  0]LogConfig: Applying CVar settings from Section [ConsoleVariables] File [E:/programs/UE4_learn/workdemo/Saved/Config/Windows/Editor.ini]
[2025.08.25-11.19.09:686][  0]LogInit: Computer: LALALA
[2025.08.25-11.19.09:686][  0]LogInit: User: appleup
[2025.08.25-11.19.09:686][  0]LogInit: CPU Page size=4096, Cores=14
[2025.08.25-11.19.09:686][  0]LogInit: High frequency timer resolution =10.000000 MHz
[2025.08.25-11.19.09:686][  0]LogMemory: Memory total: Physical=15.7GB (16GB approx)
[2025.08.25-11.19.09:686][  0]LogMemory: Platform Memory Stats for Windows
[2025.08.25-11.19.09:686][  0]LogMemory: Process Physical Memory: 157.02 MB used, 157.02 MB peak
[2025.08.25-11.19.09:686][  0]LogMemory: Process Virtual Memory: 135.54 MB used, 135.54 MB peak
[2025.08.25-11.19.09:686][  0]LogMemory: Physical Memory: 11158.55 MB used,  4929.94 MB free, 16088.49 MB total
[2025.08.25-11.19.09:686][  0]LogMemory: Virtual Memory: 134212768.00 MB used,  4961.62 MB free, 134217728.00 MB total
[2025.08.25-11.19.09:692][  0]LogWindows: WindowsPlatformFeatures enabled
[2025.08.25-11.19.09:716][  0]LogInit: Physics initialised using underlying interface: PhysX
[2025.08.25-11.19.09:718][  0]LogInit: Overriding language with editor language configuration option (en).
[2025.08.25-11.19.09:718][  0]LogInit: Using OS detected locale (zh-Hans-HK).
[2025.08.25-11.19.09:891][  0]LogInit: Setting process to per monitor DPI aware
[2025.08.25-11.19.09:902][  0]LogWindowsTextInputMethodSystem: Display: IME system deactivated.
[2025.08.25-11.19.09:914][  0]LogSlate: New Slate User Created.  User Index 0, Is Virtual User: 0
[2025.08.25-11.19.09:914][  0]LogSlate: Slate User Registered.  User Index 0, Is Virtual User: 0
[2025.08.25-11.19.10:033][  0]LogD3D11RHI: Loaded GFSDK_Aftermath_Lib.x64.dll
[2025.08.25-11.19.10:052][  0]LogHMD: Failed to initialize OpenVR with code 110
[2025.08.25-11.19.10:052][  0]LogD3D11RHI: D3D11 min allowed feature level: 11_0
[2025.08.25-11.19.10:052][  0]LogD3D11RHI: D3D11 max allowed feature level: 11_0
[2025.08.25-11.19.10:052][  0]LogD3D11RHI: D3D11 adapters:
[2025.08.25-11.19.10:233][  0]LogD3D11RHI:    0. 'NVIDIA GeForce RTX 3060 Laptop GPU' (Feature Level 11_0)
[2025.08.25-11.19.10:233][  0]LogD3D11RHI:       5996/0/8044 MB DedicatedVideo/DedicatedSystem/SharedSystem, Outputs:2, VendorId:0x10de
[2025.08.25-11.19.10:237][  0]LogD3D11RHI:    1. 'Microsoft Basic Render Driver' (Feature Level 11_0)
[2025.08.25-11.19.10:238][  0]LogD3D11RHI:       0/0/8044 MB DedicatedVideo/DedicatedSystem/SharedSystem, Outputs:0, VendorId:0x1414
[2025.08.25-11.19.10:363][  0]LogD3D11RHI:    2. 'NVIDIA GeForce RTX 3060 Laptop GPU' (Feature Level 11_0)
[2025.08.25-11.19.10:363][  0]LogD3D11RHI:       5996/0/8044 MB DedicatedVideo/DedicatedSystem/SharedSystem, Outputs:0, VendorId:0x10de
[2025.08.25-11.19.10:489][  0]LogD3D11RHI:    3. 'NVIDIA GeForce RTX 3060 Laptop GPU' (Feature Level 11_0)
[2025.08.25-11.19.10:489][  0]LogD3D11RHI:       5996/0/8044 MB DedicatedVideo/DedicatedSystem/SharedSystem, Outputs:0, VendorId:0x10de
[2025.08.25-11.19.10:489][  0]LogD3D11RHI: Chosen D3D11 Adapter:
[2025.08.25-11.19.10:489][  0]LogD3D11RHI:     Description : NVIDIA GeForce RTX 3060 Laptop GPU
[2025.08.25-11.19.10:489][  0]LogD3D11RHI:     VendorId    : 10de
[2025.08.25-11.19.10:489][  0]LogD3D11RHI:     DeviceId    : 2520
[2025.08.25-11.19.10:489][  0]LogD3D11RHI:     SubSysId    : 159c1025
[2025.08.25-11.19.10:489][  0]LogD3D11RHI:     Revision    : 00a1
[2025.08.25-11.19.10:489][  0]LogD3D11RHI:     DedicatedVideoMemory : 6287261696 bytes
[2025.08.25-11.19.10:489][  0]LogD3D11RHI:     DedicatedSystemMemory : 0 bytes
[2025.08.25-11.19.10:489][  0]LogD3D11RHI:     SharedSystemMemory : 8435003392 bytes
[2025.08.25-11.19.10:489][  0]LogD3D11RHI:     AdapterLuid : 0 80942
[2025.08.25-11.19.10:497][  0]LogD3D11RHI: Creating new Direct3DDevice
[2025.08.25-11.19.10:497][  0]LogD3D11RHI:     GPU DeviceId: 0x2520 (for the marketing name, search the web for "GPU Device Id")
[2025.08.25-11.19.10:497][  0]LogWindows: EnumDisplayDevices:
[2025.08.25-11.19.10:497][  0]LogWindows:    0. 'NVIDIA GeForce RTX 3060 Laptop GPU' (P:0 D:1)
[2025.08.25-11.19.10:497][  0]LogWindows:    1. 'NVIDIA GeForce RTX 3060 Laptop GPU' (P:1 D:1)
[2025.08.25-11.19.10:498][  0]LogWindows:    2. 'NVIDIA GeForce RTX 3060 Laptop GPU' (P:0 D:0)
[2025.08.25-11.19.10:498][  0]LogWindows:    3. 'NVIDIA GeForce RTX 3060 Laptop GPU' (P:0 D:0)
[2025.08.25-11.19.10:498][  0]LogWindows:    4. 'Sharing Monitor' (P:0 D:0)
[2025.08.25-11.19.10:498][  0]LogWindows:    5. 'Virtual MonitorX' (P:0 D:0)
[2025.08.25-11.19.10:498][  0]LogWindows: DebugString: GetVideoDriverDetailsInvalid PrimaryIsNotTheChoosenAdapter GetVideoDriverDetailsInvalid PrimaryIsNotTheChoosenAdapter FoundDriverCount:4 
[2025.08.25-11.19.10:498][  0]LogD3D11RHI:     Adapter Name: NVIDIA GeForce RTX 3060 Laptop GPU
[2025.08.25-11.19.10:498][  0]LogD3D11RHI:   Driver Version: 580.88 (internal:32.0.15.8088, unified:580.88)
[2025.08.25-11.19.10:498][  0]LogD3D11RHI:      Driver Date: 7-27-2025
[2025.08.25-11.19.10:498][  0]LogRHI: Texture pool is 4197 MB (70% of 5996 MB)
[2025.08.25-11.19.10:498][  0]LogD3D11RHI: Creating D3DDevice using adapter:
[2025.08.25-11.19.10:498][  0]LogD3D11RHI:     Description : NVIDIA GeForce RTX 3060 Laptop GPU
[2025.08.25-11.19.10:498][  0]LogD3D11RHI:     VendorId    : 10de
[2025.08.25-11.19.10:498][  0]LogD3D11RHI:     DeviceId    : 2520
[2025.08.25-11.19.10:498][  0]LogD3D11RHI:     SubSysId    : 159c1025
[2025.08.25-11.19.10:498][  0]LogD3D11RHI:     Revision    : 00a1
[2025.08.25-11.19.10:498][  0]LogD3D11RHI:     DedicatedVideoMemory : 6287261696 bytes
[2025.08.25-11.19.10:498][  0]LogD3D11RHI:     DedicatedSystemMemory : 0 bytes
[2025.08.25-11.19.10:498][  0]LogD3D11RHI:     SharedSystemMemory : 8435003392 bytes
[2025.08.25-11.19.10:498][  0]LogD3D11RHI:     AdapterLuid : 0 80942
[2025.08.25-11.19.10:608][  0]LogD3D11RHI: RHI has support for 64 bit atomics
[2025.08.25-11.19.10:609][  0]LogD3D11RHI: Async texture creation enabled
[2025.08.25-11.19.10:609][  0]LogD3D11RHI: Array index from any shader is supported
[2025.08.25-11.19.10:611][  0]LogD3D11RHI: HDR output is supported on display 0 (NvId: 0x80061083).
[2025.08.25-11.19.10:627][  0]LogD3D11RHI: GPU Timing Frequency: 1000.000000 (Debug: 2 2)
[2025.08.25-11.19.10:663][  0]LogRHI: GeForceNow SDK initialized: 1
[2025.08.25-11.19.10:951][  0]LogTargetPlatformManager: Display: Loaded TargetPlatform 'AllDesktop'
[2025.08.25-11.19.10:968][  0]LogTargetPlatformManager: Display: Loaded TargetPlatform 'Android'
[2025.08.25-11.19.10:968][  0]LogTargetPlatformManager: Display: Loaded TargetPlatform 'Android_ASTC'
[2025.08.25-11.19.10:968][  0]LogTargetPlatformManager: Display: Loaded TargetPlatform 'Android_DXT'
[2025.08.25-11.19.10:968][  0]LogTargetPlatformManager: Display: Loaded TargetPlatform 'Android_ETC2'
[2025.08.25-11.19.10:968][  0]LogTargetPlatformManager: Display: Loaded TargetPlatform 'AndroidClient'
[2025.08.25-11.19.10:968][  0]LogTargetPlatformManager: Display: Loaded TargetPlatform 'Android_ASTCClient'
[2025.08.25-11.19.10:968][  0]LogTargetPlatformManager: Display: Loaded TargetPlatform 'Android_DXTClient'
[2025.08.25-11.19.10:968][  0]LogTargetPlatformManager: Display: Loaded TargetPlatform 'Android_ETC2Client'
[2025.08.25-11.19.10:968][  0]LogTargetPlatformManager: Display: Loaded TargetPlatform 'Android_Multi'
[2025.08.25-11.19.10:968][  0]LogTargetPlatformManager: Display: Loaded TargetPlatform 'Android_MultiClient'
[2025.08.25-11.19.10:983][  0]LogTargetPlatformManager: Display: Loaded TargetPlatform 'IOSClient'
[2025.08.25-11.19.10:983][  0]LogTargetPlatformManager: Display: Loaded TargetPlatform 'IOS'
[2025.08.25-11.19.10:991][  0]LogTargetPlatformManager: Display: Loaded TargetPlatform 'Linux'
[2025.08.25-11.19.10:996][  0]LogTargetPlatformManager: Display: Loaded TargetPlatform 'LinuxNoEditor'
[2025.08.25-11.19.11:000][  0]LogTargetPlatformManager: Display: Loaded TargetPlatform 'LinuxClient'
[2025.08.25-11.19.11:004][  0]LogTargetPlatformManager: Display: Loaded TargetPlatform 'LinuxServer'
[2025.08.25-11.19.11:011][  0]LogTargetPlatformManager: Display: Loaded TargetPlatform 'LinuxAArch64NoEditor'
[2025.08.25-11.19.11:015][  0]LogTargetPlatformManager: Display: Loaded TargetPlatform 'LinuxAArch64Client'
[2025.08.25-11.19.11:019][  0]LogTargetPlatformManager: Display: Loaded TargetPlatform 'LinuxAArch64Server'
[2025.08.25-11.19.11:037][  0]LogTargetPlatformManager: Display: Loaded TargetPlatform 'Lumin'
[2025.08.25-11.19.11:037][  0]LogTargetPlatformManager: Display: Loaded TargetPlatform 'LuminClient'
[2025.08.25-11.19.11:046][  0]LogTargetPlatformManager: Display: Loaded TargetPlatform 'MacNoEditor'
[2025.08.25-11.19.11:050][  0]LogTargetPlatformManager: Display: Loaded TargetPlatform 'Mac'
[2025.08.25-11.19.11:054][  0]LogTargetPlatformManager: Display: Loaded TargetPlatform 'MacClient'
[2025.08.25-11.19.11:058][  0]LogTargetPlatformManager: Display: Loaded TargetPlatform 'MacServer'
[2025.08.25-11.19.11:066][  0]LogTargetPlatformManager: Display: Loaded TargetPlatform 'TVOSClient'
[2025.08.25-11.19.11:066][  0]LogTargetPlatformManager: Display: Loaded TargetPlatform 'TVOS'
[2025.08.25-11.19.11:073][  0]LogTargetPlatformManager: Display: Loaded TargetPlatform 'WindowsNoEditor'
[2025.08.25-11.19.11:078][  0]LogTargetPlatformManager: Display: Loaded TargetPlatform 'Windows'
[2025.08.25-11.19.11:082][  0]LogTargetPlatformManager: Display: Loaded TargetPlatform 'WindowsClient'
[2025.08.25-11.19.11:086][  0]LogTargetPlatformManager: Display: Loaded TargetPlatform 'WindowsServer'
[2025.08.25-11.19.11:086][  0]LogTargetPlatformManager: Display: Building Assets For Windows
[2025.08.25-11.19.11:093][  0]LogAudioDebug: Display: Lib vorbis DLL was dynamically loaded.
[2025.08.25-11.19.11:120][  0]LogTextureFormatOodle: Display: Oodle Texture 2.9.0 init RDO Off
[2025.08.25-11.19.11:152][  0]LogRendererCore: Ray tracing is disabled. Reason: r.RayTracing=0.
[2025.08.25-11.19.11:152][  0]LogShaderCompilers: Guid format shader working directory is 16 characters bigger than the processId version (E:/programs/UE4_learn/workdemo/Intermediate/Shaders/WorkingDirectory/20440/).
[2025.08.25-11.19.11:153][  0]LogShaderCompilers: Cleaned the shader compiler working directory 'C:/Users/XiDeao/AppData/Local/Temp/UnrealShaderWorkingDir/851CEC2949FFB0F520FFA88A9C1DEB85/'.
[2025.08.25-11.19.11:153][  0]LogXGEController: Cannot use XGE Controller as Incredibuild is not installed on this machine.
[2025.08.25-11.19.11:153][  0]LogShaderCompilers: Cannot use XGE Shader Compiler as Incredibuild is not installed on this machine.
[2025.08.25-11.19.11:153][  0]LogShaderCompilers: Display: Using Local Shader Compiler.
[2025.08.25-11.19.11:740][  0]LogDerivedDataCache: Display: Max Cache Size: 512 MB
[2025.08.25-11.19.11:800][  0]LogDerivedDataCache: Loaded boot cache 0.06s 94MB C:/Users/XiDeao/AppData/Local/UnrealEngine/4.27/DerivedDataCache/Boot.ddc.
[2025.08.25-11.19.11:800][  0]LogDerivedDataCache: Display: Loaded Boot cache: C:/Users/XiDeao/AppData/Local/UnrealEngine/4.27/DerivedDataCache/Boot.ddc
[2025.08.25-11.19.11:801][  0]LogDerivedDataCache: FDerivedDataBackendGraph:  Pak pak cache file E:/programs/UE4_learn/workdemo/DerivedDataCache/DDC.ddp not found, will not use a pak cache.
[2025.08.25-11.19.11:801][  0]LogDerivedDataCache: Unable to find inner node Pak for hierarchical cache Hierarchy.
[2025.08.25-11.19.11:801][  0]LogDerivedDataCache: FDerivedDataBackendGraph:  CompressedPak pak cache file E:/programs/UE4_learn/workdemo/DerivedDataCache/Compressed.ddp not found, will not use a pak cache.
[2025.08.25-11.19.11:801][  0]LogDerivedDataCache: Unable to find inner node CompressedPak for hierarchical cache Hierarchy.
[2025.08.25-11.19.11:816][  0]LogDerivedDataCache: Display: Pak cache opened for reading ../../../Engine/DerivedDataCache/Compressed.ddp.
[2025.08.25-11.19.11:816][  0]LogDerivedDataCache: FDerivedDataBackendGraph:  EnterprisePak pak cache file ../../../Enterprise/DerivedDataCache/Compressed.ddp not found, will not use a pak cache.
[2025.08.25-11.19.11:816][  0]LogDerivedDataCache: Unable to find inner node EnterprisePak for hierarchical cache Hierarchy.
[2025.08.25-11.19.11:825][  0]LogDerivedDataCache: Speed tests for C:/Users/XiDeao/AppData/Local/UnrealEngine/Common/DerivedDataCache took 0.01 seconds
[2025.08.25-11.19.11:825][  0]LogDerivedDataCache: Display: Performance to C:/Users/XiDeao/AppData/Local/UnrealEngine/Common/DerivedDataCache: Latency=0.03ms. RandomReadSpeed=1180.41MBs, RandomWriteSpeed=109.77MBs. Assigned SpeedClass 'Local'
[2025.08.25-11.19.11:826][  0]LogDerivedDataCache: Using Local data cache path C:/Users/XiDeao/AppData/Local/UnrealEngine/Common/DerivedDataCache: Writable
[2025.08.25-11.19.11:826][  0]LogDerivedDataCache: Shared data cache path not found in *engine.ini, will not use an Shared cache.
[2025.08.25-11.19.11:826][  0]LogDerivedDataCache: Unable to find inner node Shared for hierarchical cache Hierarchy.
[2025.08.25-11.19.11:858][  0]LogSlate: Using FreeType 2.10.0
[2025.08.25-11.19.11:859][  0]LogSlate: SlateFontServices - WITH_FREETYPE: 1, WITH_HARFBUZZ: 1
[2025.08.25-11.19.11:884][  0]LogAssetRegistry: FAssetRegistry took 0.0023 seconds to start up
[2025.08.25-11.19.12:058][  0]LogInit: Selected Device Profile: [Windows]
[2025.08.25-11.19.12:058][  0]LogInit: Active device profile: [0000015967F77A00][0000015965E3C900 49] Windows
[2025.08.25-11.19.12:058][  0]LogInit: Profiles: [0000015967F77A00][0000015965E3C900 49] Windows, [0000015967F38800][0000015965E40A80 49] WindowsNoEditor, [0000015967F74700][0000015965E44C00 49] WindowsServer, [0000015967F3B900][0000015965E48D80 49] WindowsClient, [0000015967F77800][0000015965E4CF00 49] IOS, [0000015967F38B00][0000015965E51080 49] iPadAir, [0000015967F74A00][0000015965E55200 49] iPadAir2, [0000015967EF0A00][0000015965E5D4C0 49] IPadPro, [0000015967EF0B00][0000015965E59500 49] iPadAir3, [0000015967F77500][0000015965E61680 49] iPadAir4, [0000015967EF3E00][0000015965E65800 49] iPadMini2, [0000015967F74B00][0000015965E69980 49] iPadMini3, [0000015967EF1600][0000015965E6DB00 49] iPadMini4, [0000015967F76F00][0000015965E70100 49] iPadMini5, [0000015967F3AF00][0000015965E783C0 49] iPhone6, [0000015967F3AE00][0000015965E74400 49] iPodTouch6, [0000015967EF1500][0000015965E7C640 49] iPhone7, [0000015967EF3300][0000015965E38680 49] iPodTouch7, [0000015967F3BE00][0000015965E807C0 49] iPhone5S, [0000015967EF2E00][0000015965E84900 49] iPhone6Plus, [0000015967F3A600][0000015965E8CA80 49] iPhone6S, [0000015967EF2B00][0000015965E90C00 49] iPhone6SPlus, [0000015967F38F00][0000015965E94D80 49] iPhone7Plus, [0000015967EF2300][0000015965E98F00 49] iPhoneSE, [0000015967F3A100][0000015965E9D080 49] iPhone8, [0000015967EF2600][0000015965EA1200 49] iPhone8Plus, [0000015967F38D00][0000015965EA5380 49] iPhoneX, [0000015967EF1800][0000015965EA9500 49] iPhoneXS, [0000015967F39E00][000001596580F680 49] iPhoneXSMax, [0000015967EF3A00][000001595D7D1800 49] iPhoneXR, [0000015967F39700][000001595D7E1980 49] iPhone11, [0000015967EF0600][000001595D657B00 49] iPhone11Pro, [0000015967F39000][000001595D65A100 49] iPhone11ProMax, [0000015967EF3900][000001595D666280 49] iPhoneSE2, [0000015967F3AA00][000001595D84C400 49] iPhone12Mini, [0000015967EF0E00][000001595D850580 49] iPhone12, [0000015967F3B500][000001596593E700 49] iPhone12Pro, [0000015967EF2700][0000015965E88840 49] iPhone12ProMax, [0000015967F38C00][0000015965A02980 49] iPadPro105, [0000015967EF1B00][0000015965A06AC0 49] iPadPro129, [0000015967F3B400][0000015965A12C40 49] iPadPro97, [0000015967EF3200][0000015965A1ADC0 49] iPadPro2_129, [0000015967F3A700][00000159657A6F40 49] iPad5, [0000015967EF3800][00000159657AB0C0 49] iPad6, [0000015967F3B200][00000159657AF240 49] iPad7, [0000015967EF1400][00000159657B33C0 49] iPad8, [0000015967F3A300][00000159657B7540 49] iPadPro11, [0000015967EF2100][00000159657BB6C0 49] iPadPro2_11, [0000015967F38200][00000159657BF840 49] iPadPro3_129, [0000015967EF1100][00000159657C39C0 49] iPadPro4_129, [0000015967F3BF00][00000159657C7B40 49] AppleTV, [0000015967EF3000][00000159657CA140 49] AppleTV4K, [0000015967F3B600][00000159657CE2C0 49] TVOS, [0000015967EF0500][00000159657D2440 49] Mac, [0000015967F3A200][00000159657D65C0 49] MacClient, [0000015967EF0900][00000159657DA740 49] MacNoEditor, [0000015967F38100][00000159657DE8C0 49] MacServer, [0000015967EF3100][0000015965A0EA00 49] Linux, [0000015967F39800][00000159657E2B40 49] LinuxAArch64, [0000015967EF0800][00000159657E6C80 49] LinuxNoEditor, [0000015967F3A900][00000159657EADC0 49] LinuxAArch64NoEditor, [0000015967EF1700][00000159657F2F40 49] LinuxClient, [0000015967F39B00][00000159657F70C0 49] LinuxAArch64Client, [0000015967EF2800][00000159657FB240 49] LinuxServer, [0000015967F39100][00000159657FF3C0 49] LinuxAArch64Server, [0000015967F75300][0000015965803540 49] Android, [0000015967FB2400][00000159658076C0 49] Android_Low, [0000015967F77C00][000001596580B840 49] Android_Mid, [0000015967FB1E00][00000159658139C0 49] Android_High, [0000015967F75E00][0000015965817B40 49] Android_Default, [0000015967FB2900][000001596581A140 49] Android_Adreno4xx, [0000015967F76700][000001596581E2C0 49] Android_Adreno5xx_Low, [0000015967FB1500][0000015965822440 49] Android_Adreno5xx, [0000015967F75D00][00000159658265C0 49] Android_Adreno6xx, [0000015967FB0D00][000001596582A740 49] Android_Adreno6xx_Vulkan, [0000015967F75500][000001596582E8C0 49] Android_Mali_T6xx, [0000015967FB1900][0000015965832A40 49] Android_Mali_T7xx, [0000015967F75C00][00000159657EEB80 49] Android_Mali_T8xx, [0000015967FB1400][0000015965836CC0 49] Android_Mali_G71, [0000015967F74500][000001596583AE00 49] Android_Mali_G72, [0000015967FB0400][000001596583EF40 49] Android_Mali_G72_Vulkan, [0000015967F74D00][00000159658470C0 49] Android_Mali_G76, [0000015967FB2000][000001596584B240 49] Android_Mali_G76_Vulkan, [0000015967F76200][000001596584F3C0 49] Android_Mali_G77, [0000015967FB1C00][0000015965853540 49] Android_Mali_G77_Vulkan, [0000015967F39F00][00000159658576C0 49] Android_Mali_G78, [0000015967EF1900][000001596585B840 49] Android_Mali_G78_Vulkan, [0000015967F3BC00][000001596585F9C0 49] Android_Mali_G710, [0000015967EF0400][0000015965863B40 49] Android_Mali_G710_Vulkan, [0000015967F39300][0000015965866140 49] Android_Vulkan_SM5, [0000015967FB0300][000001596586A2C0 49] Android_PowerVR_G6xxx, [0000015967F3AD00][000001596586E440 49] Android_PowerVR_GT7xxx, [0000015967FB1600][00000159658725C0 49] Android_PowerVR_GE8xxx, [0000015967F38E00][0000015965876740 49] Android_PowerVR_GM9xxx, [0000015967FB2200][000001596587A8C0 49] Android_PowerVR_GM9xxx_Vulkan, [0000015967F3BA00][000001596587EA40 49] Android_TegraK1, [0000015967FB0B00][0000015965882BC0 49] Android_Unknown_Vulkan, [0000015967F39500][0000015965886D40 49] Lumin, [0000015967FB0100][0000015965842E80 49] Lumin_Desktop, [0000015967F38500][000001596588AFC0 49] HoloLens, 
[2025.08.25-11.19.12:161][  0]LogMeshReduction: Using QuadricMeshReduction for automatic static mesh reduction
[2025.08.25-11.19.12:161][  0]LogMeshReduction: Using SimplygonMeshReduction for automatic skeletal mesh reduction
[2025.08.25-11.19.12:161][  0]LogMeshReduction: Using ProxyLODMeshReduction for automatic mesh merging
[2025.08.25-11.19.12:161][  0]LogMeshReduction: No distributed automatic mesh merging module available
[2025.08.25-11.19.12:161][  0]LogMeshMerging: No distributed automatic mesh merging module available
[2025.08.25-11.19.12:176][  0]LogNetVersion: workdemo 1.0.0, NetCL: 17155196, EngineNetVer: 17, GameNetVer: 0 (Checksum: 1131630107)
[2025.08.25-11.19.12:513][  0]LogTexture: Default maximum texture size for cubemaps generated from long-lat sources has been changed from 512 to unlimited. In order to preserve old behaiour for '/Engine/MapTemplates/Sky/DaylightAmbientCubemap.DaylightAmbientCubemap', its maximum texture size has been explicitly set to 512.
[2025.08.25-11.19.12:560][  0]LogHMD: PokeAHoleMaterial loaded successfully
[2025.08.25-11.19.12:564][  0]LogUObjectArray: 17178 objects as part of root set at end of initial load.
[2025.08.25-11.19.12:564][  0]LogUObjectAllocator: 4302048 out of 0 bytes used by permanent object pool.
[2025.08.25-11.19.12:564][  0]LogUObjectArray: CloseDisregardForGC: 0/0 objects in disregard for GC pool
[2025.08.25-11.19.12:712][  0]LogPython: Using Python 3.7.7
[2025.08.25-11.19.13:187][  0]LogNiagaraDebuggerClient: Niagara Debugger Client Initialized | Session: DDB8B6E14329BCF6D53781B83AA54271 | Instance: EECB76F040CAD107A42FB2A9DBEA31FF (LALALA-20440).
[2025.08.25-11.19.13:235][  0]LogTcpMessaging: Initializing TcpMessaging bridge
[2025.08.25-11.19.13:240][  0]LogUdpMessaging: Initializing bridge on interface 0.0.0.0:0 to multicast group 230.0.0.1:6666.
[2025.08.25-11.19.13:551][  0]LogOpenImageDenoise: OIDN starting up
[2025.08.25-11.19.13:570][  0]SourceControl: Source control is disabled
[2025.08.25-11.19.13:570][  0]SourceControl: Source control is disabled
[2025.08.25-11.19.13:572][  0]SourceControl: Source control is disabled
[2025.08.25-11.19.13:575][  0]LogUProjectInfo: Found projects:
[2025.08.25-11.19.13:588][  0]SourceControl: Source control is disabled
[2025.08.25-11.19.13:597][  0]SourceControl: Source control is disabled
[2025.08.25-11.19.13:685][  0]LogAndroidPermission: UAndroidPermissionCallbackProxy::GetInstance
[2025.08.25-11.19.13:705][  0]LogAudioCaptureCore: Display: No Audio Capture implementations found. Audio input will be silent.
[2025.08.25-11.19.13:705][  0]LogAudioCaptureCore: Display: No Audio Capture implementations found. Audio input will be silent.
[2025.08.25-11.19.13:846][  0]LogCollectionManager: Loaded 0 collections in 0.000539 seconds
[2025.08.25-11.19.13:866][  0]LogFileCache: Scanning file cache for directory 'E:/programs/UE4_learn/workdemo/Saved/Collections/' took 0.00s
[2025.08.25-11.19.13:866][  0]LogFileCache: Scanning file cache for directory 'E:/programs/UE4_learn/workdemo/Content/Developers/appleup/Collections/' took 0.00s
[2025.08.25-11.19.13:866][  0]LogFileCache: Scanning file cache for directory 'E:/programs/UE4_learn/workdemo/Content/Collections/' took 0.00s
[2025.08.25-11.19.13:866][  0]LogOcInput: OculusInput pre-init called
[2025.08.25-11.19.14:086][  0]LogEngine: Initializing Engine...
[2025.08.25-11.19.14:088][  0]LogHMD: Failed to enumerate extensions. Please check that you have a valid OpenXR runtime installed.
[2025.08.25-11.19.14:088][  0]LogHMD: Failed to initialize OpenVR with code 110
[2025.08.25-11.19.14:089][  0]LogMagicLeap: Warning: VR disabled because ZI is not enabled.  To enable, in the editor, Edit -> Project Settings -> Plugins -> Magic Leap Plugin -> Enable Zero Iteration
[2025.08.25-11.19.14:089][  0]LogStats: UGameplayTagsManager::InitializeManager -  0.000 s
[2025.08.25-11.19.14:200][  0]LogInit: Initializing FReadOnlyCVARCache
[2025.08.25-11.19.14:207][  0]LogAIModule: Creating AISystem for world Untitled
[2025.08.25-11.19.14:207][  0]LogAudio: Display: Initializing Audio Device Manager...
[2025.08.25-11.19.14:211][  0]LogAudio: Display: Loading Default Audio Settings Objects...
[2025.08.25-11.19.14:211][  0]LogAudio: Display: No default SoundConcurrencyObject specified (or failed to load).
[2025.08.25-11.19.14:212][  0]LogAudio: Display: Audio Device Manager Initialized
[2025.08.25-11.19.14:212][  0]LogAudio: Display: Creating Audio Device:                 Id: 1, Scope: Shared, Realtime: True
[2025.08.25-11.19.14:212][  0]LogAudioMixer: Display: Audio Mixer Platform Settings:
[2025.08.25-11.19.14:212][  0]LogAudioMixer: Display: 	Sample Rate:						  48000
[2025.08.25-11.19.14:212][  0]LogAudioMixer: Display: 	Callback Buffer Frame Size Requested: 1024
[2025.08.25-11.19.14:212][  0]LogAudioMixer: Display: 	Callback Buffer Frame Size To Use:	  1024
[2025.08.25-11.19.14:212][  0]LogAudioMixer: Display: 	Number of buffers to queue:			  2
[2025.08.25-11.19.14:212][  0]LogAudioMixer: Display: 	Max Channels (voices):				  32
[2025.08.25-11.19.14:212][  0]LogAudioMixer: Display: 	Number of Async Source Workers:		  0
[2025.08.25-11.19.14:212][  0]LogAudio: Display: AudioDevice MaxSources: 32
[2025.08.25-11.19.14:212][  0]LogAudio: Display: Audio Spatialization Plugin: None (built-in).
[2025.08.25-11.19.14:212][  0]LogAudio: Display: Audio Reverb Plugin: None (built-in).
[2025.08.25-11.19.14:212][  0]LogAudio: Display: Audio Occlusion Plugin: None (built-in).
[2025.08.25-11.19.14:212][  0]LogAudioMixer: Display: Initializing audio mixer.
[2025.08.25-11.19.14:222][  0]LogAudioMixer: Display: 0: FrontLeft
[2025.08.25-11.19.14:222][  0]LogAudioMixer: Display: 1: FrontRight
[2025.08.25-11.19.14:454][  0]LogAudioMixer: Display: Using Audio Device 扬声器 (Realtek(R) Audio)
[2025.08.25-11.19.14:457][  0]LogAudioMixer: Display: Initializing Sound Submixes...
[2025.08.25-11.19.14:460][  0]LogAudioMixer: Display: Creating Master Submix 'MasterSubmixDefault'
[2025.08.25-11.19.14:460][  0]LogAudioMixer: Display: Creating Master Submix 'MasterReverbSubmixDefault'
[2025.08.25-11.19.14:460][  0]LogAudioMixer: Display: Creating Master Submix 'MasterEQSubmixDefault'
[2025.08.25-11.19.14:461][  0]LogAudioMixer: FMixerPlatformXAudio2::StartAudioStream() called
[2025.08.25-11.19.14:461][  0]LogAudioMixer: Display: Output buffers initialized: Frames=1024, Channels=2, Samples=2048
[2025.08.25-11.19.14:462][  0]LogAudioMixer: Display: Starting AudioMixerPlatformInterface::RunInternal()
[2025.08.25-11.19.14:462][  0]LogAudioMixer: Display: FMixerPlatformXAudio2::SubmitBuffer() called for the first time
[2025.08.25-11.19.14:462][  0]LogInit: FAudioDevice initialized.
[2025.08.25-11.19.14:462][  0]LogAudio: Display: Audio Device (ID: 1) registered with world 'Untitled'.
[2025.08.25-11.19.14:462][  0]LogNetVersion: Set ProjectVersion to 1.0.0.0. Version Checksum will be recalculated on next use.
[2025.08.25-11.19.14:506][  0]LogDerivedDataCache: Saved boot cache 0.05s 94MB C:/Users/XiDeao/AppData/Local/UnrealEngine/4.27/DerivedDataCache/Boot.ddc.
[2025.08.25-11.19.14:508][  0]LogInit: Texture streaming: Enabled
[2025.08.25-11.19.14:519][  0]LogAnalytics: Display: [UEEditor.Rocket.Release] APIServer = https://datarouter.ol.epicgames.com/. AppVersion = 4.27.2-18319896+++UE4+Release-4.27
[2025.08.25-11.19.14:523][  0]LogEngineSessionManager: EngineSessionManager initialized
[2025.08.25-11.19.14:523][  0]LogEditorSessionSummary: Verbose: Initializing EditorSessionSummaryWriter for editor session tracking
[2025.08.25-11.19.14:525][  0]LogEditorSessionSummary: EditorSessionSummaryWriter initialized
[2025.08.25-11.19.14:552][  0]LogInit: Transaction tracking system initialized
[2025.08.25-11.19.14:572][  0]BlueprintLog: New page: Editor Load
[2025.08.25-11.19.14:626][  0]LocalizationService: Localization service is disabled
[2025.08.25-11.19.14:647][  0]TimingProfiler: Initialize
[2025.08.25-11.19.14:647][  0]TimingProfiler: OnSessionChanged
[2025.08.25-11.19.14:647][  0]LoadingProfiler: Initialize
[2025.08.25-11.19.14:647][  0]LoadingProfiler: OnSessionChanged
[2025.08.25-11.19.14:647][  0]NetworkingProfiler: Initialize
[2025.08.25-11.19.14:647][  0]NetworkingProfiler: OnSessionChanged
[2025.08.25-11.19.14:647][  0]MemoryProfiler: Initialize
[2025.08.25-11.19.14:647][  0]MemoryProfiler: OnSessionChanged
[2025.08.25-11.19.14:766][  0]LogCook: Display: CookSettings for Memory: MemoryMaxUsedVirtual 0MiB, MemoryMaxUsedPhysical 16384MiB, MemoryMinFreeVirtual 0MiB, MemoryMinFreePhysical 1024MiB
[2025.08.25-11.19.14:766][  0]LogCook: Display: Mobile HDR setting 1
[2025.08.25-11.19.14:935][  0]LogFileCache: Scanning file cache for directory 'E:/programs/UE4_learn/workdemo/Content/' took 0.01s
[2025.08.25-11.19.15:100][  0]LogInit: Display: Engine is initialized. Leaving FEngineLoop::Init()
[2025.08.25-11.19.15:102][  0]SourceControl: Source control is disabled
[2025.08.25-11.19.15:102][  0]LogUnrealEdMisc: Loading editor; pre map load, took 6.651
[2025.08.25-11.19.15:103][  0]Cmd: MAP LOAD FILE="E:/programs/UE4_learn/workdemo/Content/Maps/M_Debug.umap" TEMPLATE=0 SHOWPROGRESS=1 FEATURELEVEL=3
[2025.08.25-11.19.15:103][  0]LightingResults: New page: Lighting Build
[2025.08.25-11.19.15:104][  0]LogWorld: UWorld::CleanupWorld for Untitled, bSessionEnded=true, bCleanupResources=true
[2025.08.25-11.19.15:104][  0]LogSlate: InvalidateAllWidgets triggered.  All widgets were invalidated
[2025.08.25-11.19.15:104][  0]MapCheck: New page: Map Check
[2025.08.25-11.19.15:104][  0]LightingResults: New page: Lighting Build
[2025.08.25-11.19.15:111][  0]LogAudio: Display: Audio Device unregistered from world 'None'.
[2025.08.25-11.19.15:114][  0]LogUObjectHash: Compacting FUObjectHashTables data took   0.53ms
[2025.08.25-11.19.15:160][  0]LogLinker: Error: HOTRELOADED_workdemoGameModeBase_0 has an inappropriate outermost, it was probably saved with a deprecated outer (file: E:/programs/UE4_learn/workdemo/Content/BluePrints/Characters/BP_Character_base.uasset)
[2025.08.25-11.19.15:173][  0]LogLinker: Error: HOTRELOADED_workdemoGameModeBase_0 has an inappropriate outermost, it was probably saved with a deprecated outer (file: E:/programs/UE4_learn/workdemo/Content/BluePrints/Characters/BP_Character_base.uasset)
[2025.08.25-11.19.15:221][  0]LogLinker: Error: HOTRELOADED_workdemoGameModeBase_0 has an inappropriate outermost, it was probably saved with a deprecated outer (file: E:/programs/UE4_learn/workdemo/Content/BluePrints/Characters/BP_Character_base.uasset)
[2025.08.25-11.19.15:343][  0]LogAudio: Display: Audio Device (ID: 1) registered with world 'M_Debug'.
[2025.08.25-11.19.15:344][  0]LogAIModule: Creating AISystem for world M_Debug
[2025.08.25-11.19.15:346][  0]LogEditorServer: Finished looking for orphan Actors (0.000 secs)
[2025.08.25-11.19.15:376][  0]LogUObjectHash: Compacting FUObjectHashTables data took   0.82ms
[2025.08.25-11.19.15:376][  0]Cmd: MAP CHECKDEP NOCLEARLOG
[2025.08.25-11.19.15:377][  0]MapCheck: Map check complete: 0 Error(s), 0 Warning(s), took 0.25ms to complete.
[2025.08.25-11.19.15:377][  0]LogFileHelpers: Loading map 'M_Debug' took 0.274
[2025.08.25-11.19.15:379][  0]LogUnrealEdMisc: Total Editor Startup Time, took 6.928
[2025.08.25-11.19.15:496][  0]LogSlate: Updating window title bar state: overlay mode, drag disabled, window buttons hidden, title bar hidden
[2025.08.25-11.19.15:500][  0]LogSlate: Updating window title bar state: overlay mode, drag disabled, window buttons hidden, title bar hidden
[2025.08.25-11.19.15:504][  0]LogSlate: Updating window title bar state: overlay mode, drag disabled, window buttons hidden, title bar hidden
[2025.08.25-11.19.15:508][  0]LogSlate: Updating window title bar state: overlay mode, drag disabled, window buttons hidden, title bar hidden
[2025.08.25-11.19.15:520][  0]LogNativeClassHierarchy: Verbose: Native class hierarchy populated in 0.0078 seconds. Added 3882 classes and 945 folders.
[2025.08.25-11.19.15:540][  0]LogNativeClassHierarchy: Verbose: Native class hierarchy updated for 'WidgetCarousel' in 0.0003 seconds. Added 0 classes and 0 folders.
[2025.08.25-11.19.15:543][  0]LogPakFile: PakFile PrimaryIndexSize=187
[2025.08.25-11.19.15:543][  0]LogPakFile: PakFile PathHashIndexSize=101
[2025.08.25-11.19.15:543][  0]LogPakFile: PakFile FullDirectoryIndexSize=148
[2025.08.25-11.19.15:543][  0]LogShaderLibrary: Display: ShaderCodeLibraryPakFileMountedCallback: PakFile 'F:/epic/UE_4.27/FeaturePacks/FP_FirstPerson.upack' (chunk index -1, root 'root:/') mounted
[2025.08.25-11.19.15:543][  0]LogShaderLibrary: Display: ShaderCodeLibraryPakFileMountedCallback: pending pak file info (ChunkID:-1 Root:root:/ File:F:/epic/UE_4.27/FeaturePacks/FP_FirstPerson.upack)
[2025.08.25-11.19.15:543][  0]LogPakFile: OnPakFileMounted2Time == 0.000045
[2025.08.25-11.19.15:543][  0]LogPakFile: PakFile PrimaryIndexSize=189
[2025.08.25-11.19.15:543][  0]LogPakFile: PakFile PathHashIndexSize=101
[2025.08.25-11.19.15:543][  0]LogPakFile: PakFile FullDirectoryIndexSize=152
[2025.08.25-11.19.15:543][  0]LogShaderLibrary: Display: ShaderCodeLibraryPakFileMountedCallback: PakFile 'F:/epic/UE_4.27/FeaturePacks/FP_FirstPersonBP.upack' (chunk index -1, root 'root:/') mounted
[2025.08.25-11.19.15:544][  0]LogShaderLibrary: Display: ShaderCodeLibraryPakFileMountedCallback: pending pak file info (ChunkID:-1 Root:root:/ File:F:/epic/UE_4.27/FeaturePacks/FP_FirstPersonBP.upack)
[2025.08.25-11.19.15:544][  0]LogPakFile: OnPakFileMounted2Time == 0.000034
[2025.08.25-11.19.15:544][  0]LogPakFile: PakFile PrimaryIndexSize=191
[2025.08.25-11.19.15:544][  0]LogPakFile: PakFile PathHashIndexSize=101
[2025.08.25-11.19.15:544][  0]LogPakFile: PakFile FullDirectoryIndexSize=160
[2025.08.25-11.19.15:544][  0]LogShaderLibrary: Display: ShaderCodeLibraryPakFileMountedCallback: PakFile 'F:/epic/UE_4.27/FeaturePacks/MobileStarterContent.upack' (chunk index -1, root 'root:/') mounted
[2025.08.25-11.19.15:544][  0]LogShaderLibrary: Display: ShaderCodeLibraryPakFileMountedCallback: pending pak file info (ChunkID:-1 Root:root:/ File:F:/epic/UE_4.27/FeaturePacks/MobileStarterContent.upack)
[2025.08.25-11.19.15:544][  0]LogPakFile: OnPakFileMounted2Time == 0.000023
[2025.08.25-11.19.15:545][  0]LogPakFile: PakFile PrimaryIndexSize=185
[2025.08.25-11.19.15:545][  0]LogPakFile: PakFile PathHashIndexSize=101
[2025.08.25-11.19.15:545][  0]LogPakFile: PakFile FullDirectoryIndexSize=148
[2025.08.25-11.19.15:545][  0]LogShaderLibrary: Display: ShaderCodeLibraryPakFileMountedCallback: PakFile 'F:/epic/UE_4.27/FeaturePacks/StarterContent.upack' (chunk index -1, root 'root:/') mounted
[2025.08.25-11.19.15:545][  0]LogShaderLibrary: Display: ShaderCodeLibraryPakFileMountedCallback: pending pak file info (ChunkID:-1 Root:root:/ File:F:/epic/UE_4.27/FeaturePacks/StarterContent.upack)
[2025.08.25-11.19.15:545][  0]LogPakFile: OnPakFileMounted2Time == 0.000028
[2025.08.25-11.19.15:545][  0]LogPakFile: PakFile PrimaryIndexSize=190
[2025.08.25-11.19.15:545][  0]LogPakFile: PakFile PathHashIndexSize=101
[2025.08.25-11.19.15:545][  0]LogPakFile: PakFile FullDirectoryIndexSize=154
[2025.08.25-11.19.15:545][  0]LogShaderLibrary: Display: ShaderCodeLibraryPakFileMountedCallback: PakFile 'F:/epic/UE_4.27/FeaturePacks/TP_2DSideScroller.upack' (chunk index -1, root 'root:/') mounted
[2025.08.25-11.19.15:545][  0]LogShaderLibrary: Display: ShaderCodeLibraryPakFileMountedCallback: pending pak file info (ChunkID:-1 Root:root:/ File:F:/epic/UE_4.27/FeaturePacks/TP_2DSideScroller.upack)
[2025.08.25-11.19.15:545][  0]LogPakFile: OnPakFileMounted2Time == 0.000023
[2025.08.25-11.19.15:546][  0]LogPakFile: PakFile PrimaryIndexSize=192
[2025.08.25-11.19.15:546][  0]LogPakFile: PakFile PathHashIndexSize=101
[2025.08.25-11.19.15:546][  0]LogPakFile: PakFile FullDirectoryIndexSize=158
[2025.08.25-11.19.15:546][  0]LogShaderLibrary: Display: ShaderCodeLibraryPakFileMountedCallback: PakFile 'F:/epic/UE_4.27/FeaturePacks/TP_2DSideScrollerBP.upack' (chunk index -1, root 'root:/') mounted
[2025.08.25-11.19.15:546][  0]LogShaderLibrary: Display: ShaderCodeLibraryPakFileMountedCallback: pending pak file info (ChunkID:-1 Root:root:/ File:F:/epic/UE_4.27/FeaturePacks/TP_2DSideScrollerBP.upack)
[2025.08.25-11.19.15:546][  0]LogPakFile: OnPakFileMounted2Time == 0.000026
[2025.08.25-11.19.15:547][  0]LogPakFile: PakFile PrimaryIndexSize=182
[2025.08.25-11.19.15:547][  0]LogPakFile: PakFile PathHashIndexSize=101
[2025.08.25-11.19.15:547][  0]LogPakFile: PakFile FullDirectoryIndexSize=138
[2025.08.25-11.19.15:547][  0]LogShaderLibrary: Display: ShaderCodeLibraryPakFileMountedCallback: PakFile 'F:/epic/UE_4.27/FeaturePacks/TP_Flying.upack' (chunk index -1, root 'root:/') mounted
[2025.08.25-11.19.15:547][  0]LogShaderLibrary: Display: ShaderCodeLibraryPakFileMountedCallback: pending pak file info (ChunkID:-1 Root:root:/ File:F:/epic/UE_4.27/FeaturePacks/TP_Flying.upack)
[2025.08.25-11.19.15:547][  0]LogPakFile: OnPakFileMounted2Time == 0.000022
[2025.08.25-11.19.15:547][  0]LogPakFile: PakFile PrimaryIndexSize=184
[2025.08.25-11.19.15:547][  0]LogPakFile: PakFile PathHashIndexSize=101
[2025.08.25-11.19.15:547][  0]LogPakFile: PakFile FullDirectoryIndexSize=142
[2025.08.25-11.19.15:547][  0]LogShaderLibrary: Display: ShaderCodeLibraryPakFileMountedCallback: PakFile 'F:/epic/UE_4.27/FeaturePacks/TP_FlyingBP.upack' (chunk index -1, root 'root:/') mounted
[2025.08.25-11.19.15:547][  0]LogShaderLibrary: Display: ShaderCodeLibraryPakFileMountedCallback: pending pak file info (ChunkID:-1 Root:root:/ File:F:/epic/UE_4.27/FeaturePacks/TP_FlyingBP.upack)
[2025.08.25-11.19.15:547][  0]LogPakFile: OnPakFileMounted2Time == 0.000022
[2025.08.25-11.19.15:547][  0]LogPakFile: PakFile PrimaryIndexSize=188
[2025.08.25-11.19.15:547][  0]LogPakFile: PakFile PathHashIndexSize=101
[2025.08.25-11.19.15:547][  0]LogPakFile: PakFile FullDirectoryIndexSize=150
[2025.08.25-11.19.15:547][  0]LogShaderLibrary: Display: ShaderCodeLibraryPakFileMountedCallback: PakFile 'F:/epic/UE_4.27/FeaturePacks/TP_HandheldARBP.upack' (chunk index -1, root 'root:/') mounted
[2025.08.25-11.19.15:547][  0]LogShaderLibrary: Display: ShaderCodeLibraryPakFileMountedCallback: pending pak file info (ChunkID:-1 Root:root:/ File:F:/epic/UE_4.27/FeaturePacks/TP_HandheldARBP.upack)
[2025.08.25-11.19.15:547][  0]LogPakFile: OnPakFileMounted2Time == 0.000021
[2025.08.25-11.19.15:548][  0]LogPakFile: PakFile PrimaryIndexSize=182
[2025.08.25-11.19.15:548][  0]LogPakFile: PakFile PathHashIndexSize=101
[2025.08.25-11.19.15:548][  0]LogPakFile: PakFile FullDirectoryIndexSize=138
[2025.08.25-11.19.15:548][  0]LogShaderLibrary: Display: ShaderCodeLibraryPakFileMountedCallback: PakFile 'F:/epic/UE_4.27/FeaturePacks/TP_Puzzle.upack' (chunk index -1, root 'root:/') mounted
[2025.08.25-11.19.15:548][  0]LogShaderLibrary: Display: ShaderCodeLibraryPakFileMountedCallback: pending pak file info (ChunkID:-1 Root:root:/ File:F:/epic/UE_4.27/FeaturePacks/TP_Puzzle.upack)
[2025.08.25-11.19.15:548][  0]LogPakFile: OnPakFileMounted2Time == 0.000024
[2025.08.25-11.19.15:548][  0]LogPakFile: PakFile PrimaryIndexSize=184
[2025.08.25-11.19.15:548][  0]LogPakFile: PakFile PathHashIndexSize=101
[2025.08.25-11.19.15:548][  0]LogPakFile: PakFile FullDirectoryIndexSize=142
[2025.08.25-11.19.15:548][  0]LogShaderLibrary: Display: ShaderCodeLibraryPakFileMountedCallback: PakFile 'F:/epic/UE_4.27/FeaturePacks/TP_PuzzleBP.upack' (chunk index -1, root 'root:/') mounted
[2025.08.25-11.19.15:548][  0]LogShaderLibrary: Display: ShaderCodeLibraryPakFileMountedCallback: pending pak file info (ChunkID:-1 Root:root:/ File:F:/epic/UE_4.27/FeaturePacks/TP_PuzzleBP.upack)
[2025.08.25-11.19.15:548][  0]LogPakFile: OnPakFileMounted2Time == 0.000022
[2025.08.25-11.19.15:549][  0]LogPakFile: PakFile PrimaryIndexSize=183
[2025.08.25-11.19.15:549][  0]LogPakFile: PakFile PathHashIndexSize=101
[2025.08.25-11.19.15:549][  0]LogPakFile: PakFile FullDirectoryIndexSize=140
[2025.08.25-11.19.15:549][  0]LogShaderLibrary: Display: ShaderCodeLibraryPakFileMountedCallback: PakFile 'F:/epic/UE_4.27/FeaturePacks/TP_Rolling.upack' (chunk index -1, root 'root:/') mounted
[2025.08.25-11.19.15:549][  0]LogShaderLibrary: Display: ShaderCodeLibraryPakFileMountedCallback: pending pak file info (ChunkID:-1 Root:root:/ File:F:/epic/UE_4.27/FeaturePacks/TP_Rolling.upack)
[2025.08.25-11.19.15:549][  0]LogPakFile: OnPakFileMounted2Time == 0.000025
[2025.08.25-11.19.15:549][  0]LogPakFile: PakFile PrimaryIndexSize=185
[2025.08.25-11.19.15:549][  0]LogPakFile: PakFile PathHashIndexSize=101
[2025.08.25-11.19.15:549][  0]LogPakFile: PakFile FullDirectoryIndexSize=144
[2025.08.25-11.19.15:549][  0]LogShaderLibrary: Display: ShaderCodeLibraryPakFileMountedCallback: PakFile 'F:/epic/UE_4.27/FeaturePacks/TP_RollingBP.upack' (chunk index -1, root 'root:/') mounted
[2025.08.25-11.19.15:549][  0]LogShaderLibrary: Display: ShaderCodeLibraryPakFileMountedCallback: pending pak file info (ChunkID:-1 Root:root:/ File:F:/epic/UE_4.27/FeaturePacks/TP_RollingBP.upack)
[2025.08.25-11.19.15:549][  0]LogPakFile: OnPakFileMounted2Time == 0.000021
[2025.08.25-11.19.15:550][  0]LogPakFile: PakFile PrimaryIndexSize=188
[2025.08.25-11.19.15:550][  0]LogPakFile: PakFile PathHashIndexSize=101
[2025.08.25-11.19.15:550][  0]LogPakFile: PakFile FullDirectoryIndexSize=150
[2025.08.25-11.19.15:550][  0]LogShaderLibrary: Display: ShaderCodeLibraryPakFileMountedCallback: PakFile 'F:/epic/UE_4.27/FeaturePacks/TP_SideScroller.upack' (chunk index -1, root 'root:/') mounted
[2025.08.25-11.19.15:550][  0]LogShaderLibrary: Display: ShaderCodeLibraryPakFileMountedCallback: pending pak file info (ChunkID:-1 Root:root:/ File:F:/epic/UE_4.27/FeaturePacks/TP_SideScroller.upack)
[2025.08.25-11.19.15:550][  0]LogPakFile: OnPakFileMounted2Time == 0.000022
[2025.08.25-11.19.15:550][  0]LogPakFile: PakFile PrimaryIndexSize=190
[2025.08.25-11.19.15:551][  0]LogPakFile: PakFile PathHashIndexSize=101
[2025.08.25-11.19.15:551][  0]LogPakFile: PakFile FullDirectoryIndexSize=154
[2025.08.25-11.19.15:551][  0]LogShaderLibrary: Display: ShaderCodeLibraryPakFileMountedCallback: PakFile 'F:/epic/UE_4.27/FeaturePacks/TP_SideScrollerBP.upack' (chunk index -1, root 'root:/') mounted
[2025.08.25-11.19.15:551][  0]LogShaderLibrary: Display: ShaderCodeLibraryPakFileMountedCallback: pending pak file info (ChunkID:-1 Root:root:/ File:F:/epic/UE_4.27/FeaturePacks/TP_SideScrollerBP.upack)
[2025.08.25-11.19.15:551][  0]LogPakFile: OnPakFileMounted2Time == 0.000021
[2025.08.25-11.19.15:551][  0]LogPakFile: PakFile PrimaryIndexSize=187
[2025.08.25-11.19.15:551][  0]LogPakFile: PakFile PathHashIndexSize=101
[2025.08.25-11.19.15:551][  0]LogPakFile: PakFile FullDirectoryIndexSize=148
[2025.08.25-11.19.15:551][  0]LogShaderLibrary: Display: ShaderCodeLibraryPakFileMountedCallback: PakFile 'F:/epic/UE_4.27/FeaturePacks/TP_ThirdPerson.upack' (chunk index -1, root 'root:/') mounted
[2025.08.25-11.19.15:551][  0]LogShaderLibrary: Display: ShaderCodeLibraryPakFileMountedCallback: pending pak file info (ChunkID:-1 Root:root:/ File:F:/epic/UE_4.27/FeaturePacks/TP_ThirdPerson.upack)
[2025.08.25-11.19.15:551][  0]LogPakFile: OnPakFileMounted2Time == 0.000021
[2025.08.25-11.19.15:551][  0]LogPakFile: PakFile PrimaryIndexSize=189
[2025.08.25-11.19.15:551][  0]LogPakFile: PakFile PathHashIndexSize=101
[2025.08.25-11.19.15:551][  0]LogPakFile: PakFile FullDirectoryIndexSize=152
[2025.08.25-11.19.15:551][  0]LogShaderLibrary: Display: ShaderCodeLibraryPakFileMountedCallback: PakFile 'F:/epic/UE_4.27/FeaturePacks/TP_ThirdPersonBP.upack' (chunk index -1, root 'root:/') mounted
[2025.08.25-11.19.15:552][  0]LogShaderLibrary: Display: ShaderCodeLibraryPakFileMountedCallback: pending pak file info (ChunkID:-1 Root:root:/ File:F:/epic/UE_4.27/FeaturePacks/TP_ThirdPersonBP.upack)
[2025.08.25-11.19.15:552][  0]LogPakFile: OnPakFileMounted2Time == 0.000021
[2025.08.25-11.19.15:552][  0]LogPakFile: PakFile PrimaryIndexSize=183
[2025.08.25-11.19.15:552][  0]LogPakFile: PakFile PathHashIndexSize=101
[2025.08.25-11.19.15:552][  0]LogPakFile: PakFile FullDirectoryIndexSize=140
[2025.08.25-11.19.15:552][  0]LogShaderLibrary: Display: ShaderCodeLibraryPakFileMountedCallback: PakFile 'F:/epic/UE_4.27/FeaturePacks/TP_TopDown.upack' (chunk index -1, root 'root:/') mounted
[2025.08.25-11.19.15:552][  0]LogShaderLibrary: Display: ShaderCodeLibraryPakFileMountedCallback: pending pak file info (ChunkID:-1 Root:root:/ File:F:/epic/UE_4.27/FeaturePacks/TP_TopDown.upack)
[2025.08.25-11.19.15:552][  0]LogPakFile: OnPakFileMounted2Time == 0.000023
[2025.08.25-11.19.15:552][  0]LogPakFile: PakFile PrimaryIndexSize=185
[2025.08.25-11.19.15:552][  0]LogPakFile: PakFile PathHashIndexSize=101
[2025.08.25-11.19.15:552][  0]LogPakFile: PakFile FullDirectoryIndexSize=144
[2025.08.25-11.19.15:552][  0]LogShaderLibrary: Display: ShaderCodeLibraryPakFileMountedCallback: PakFile 'F:/epic/UE_4.27/FeaturePacks/TP_TopDownBP.upack' (chunk index -1, root 'root:/') mounted
[2025.08.25-11.19.15:552][  0]LogShaderLibrary: Display: ShaderCodeLibraryPakFileMountedCallback: pending pak file info (ChunkID:-1 Root:root:/ File:F:/epic/UE_4.27/FeaturePacks/TP_TopDownBP.upack)
[2025.08.25-11.19.15:552][  0]LogPakFile: OnPakFileMounted2Time == 0.000019
[2025.08.25-11.19.15:553][  0]LogPakFile: PakFile PrimaryIndexSize=185
[2025.08.25-11.19.15:553][  0]LogPakFile: PakFile PathHashIndexSize=101
[2025.08.25-11.19.15:553][  0]LogPakFile: PakFile FullDirectoryIndexSize=144
[2025.08.25-11.19.15:553][  0]LogShaderLibrary: Display: ShaderCodeLibraryPakFileMountedCallback: PakFile 'F:/epic/UE_4.27/FeaturePacks/TP_TwinStick.upack' (chunk index -1, root 'root:/') mounted
[2025.08.25-11.19.15:553][  0]LogShaderLibrary: Display: ShaderCodeLibraryPakFileMountedCallback: pending pak file info (ChunkID:-1 Root:root:/ File:F:/epic/UE_4.27/FeaturePacks/TP_TwinStick.upack)
[2025.08.25-11.19.15:553][  0]LogPakFile: OnPakFileMounted2Time == 0.000019
[2025.08.25-11.19.15:553][  0]LogPakFile: PakFile PrimaryIndexSize=187
[2025.08.25-11.19.15:553][  0]LogPakFile: PakFile PathHashIndexSize=101
[2025.08.25-11.19.15:553][  0]LogPakFile: PakFile FullDirectoryIndexSize=148
[2025.08.25-11.19.15:553][  0]LogShaderLibrary: Display: ShaderCodeLibraryPakFileMountedCallback: PakFile 'F:/epic/UE_4.27/FeaturePacks/TP_TwinStickBP.upack' (chunk index -1, root 'root:/') mounted
[2025.08.25-11.19.15:553][  0]LogShaderLibrary: Display: ShaderCodeLibraryPakFileMountedCallback: pending pak file info (ChunkID:-1 Root:root:/ File:F:/epic/UE_4.27/FeaturePacks/TP_TwinStickBP.upack)
[2025.08.25-11.19.15:553][  0]LogPakFile: OnPakFileMounted2Time == 0.000020
[2025.08.25-11.19.15:554][  0]LogPakFile: PakFile PrimaryIndexSize=183
[2025.08.25-11.19.15:554][  0]LogPakFile: PakFile PathHashIndexSize=101
[2025.08.25-11.19.15:554][  0]LogPakFile: PakFile FullDirectoryIndexSize=140
[2025.08.25-11.19.15:554][  0]LogShaderLibrary: Display: ShaderCodeLibraryPakFileMountedCallback: PakFile 'F:/epic/UE_4.27/FeaturePacks/TP_Vehicle.upack' (chunk index -1, root 'root:/') mounted
[2025.08.25-11.19.15:554][  0]LogShaderLibrary: Display: ShaderCodeLibraryPakFileMountedCallback: pending pak file info (ChunkID:-1 Root:root:/ File:F:/epic/UE_4.27/FeaturePacks/TP_Vehicle.upack)
[2025.08.25-11.19.15:554][  0]LogPakFile: OnPakFileMounted2Time == 0.000020
[2025.08.25-11.19.15:554][  0]LogPakFile: PakFile PrimaryIndexSize=186
[2025.08.25-11.19.15:554][  0]LogPakFile: PakFile PathHashIndexSize=101
[2025.08.25-11.19.15:554][  0]LogPakFile: PakFile FullDirectoryIndexSize=146
[2025.08.25-11.19.15:554][  0]LogShaderLibrary: Display: ShaderCodeLibraryPakFileMountedCallback: PakFile 'F:/epic/UE_4.27/FeaturePacks/TP_VehicleAdv.upack' (chunk index -1, root 'root:/') mounted
[2025.08.25-11.19.15:554][  0]LogShaderLibrary: Display: ShaderCodeLibraryPakFileMountedCallback: pending pak file info (ChunkID:-1 Root:root:/ File:F:/epic/UE_4.27/FeaturePacks/TP_VehicleAdv.upack)
[2025.08.25-11.19.15:554][  0]LogPakFile: OnPakFileMounted2Time == 0.000021
[2025.08.25-11.19.15:555][  0]LogPakFile: PakFile PrimaryIndexSize=188
[2025.08.25-11.19.15:555][  0]LogPakFile: PakFile PathHashIndexSize=101
[2025.08.25-11.19.15:555][  0]LogPakFile: PakFile FullDirectoryIndexSize=150
[2025.08.25-11.19.15:555][  0]LogShaderLibrary: Display: ShaderCodeLibraryPakFileMountedCallback: PakFile 'F:/epic/UE_4.27/FeaturePacks/TP_VehicleAdvBP.upack' (chunk index -1, root 'root:/') mounted
[2025.08.25-11.19.15:555][  0]LogShaderLibrary: Display: ShaderCodeLibraryPakFileMountedCallback: pending pak file info (ChunkID:-1 Root:root:/ File:F:/epic/UE_4.27/FeaturePacks/TP_VehicleAdvBP.upack)
[2025.08.25-11.19.15:555][  0]LogPakFile: OnPakFileMounted2Time == 0.000020
[2025.08.25-11.19.15:555][  0]LogPakFile: PakFile PrimaryIndexSize=185
[2025.08.25-11.19.15:555][  0]LogPakFile: PakFile PathHashIndexSize=101
[2025.08.25-11.19.15:555][  0]LogPakFile: PakFile FullDirectoryIndexSize=144
[2025.08.25-11.19.15:555][  0]LogShaderLibrary: Display: ShaderCodeLibraryPakFileMountedCallback: PakFile 'F:/epic/UE_4.27/FeaturePacks/TP_VehicleBP.upack' (chunk index -1, root 'root:/') mounted
[2025.08.25-11.19.15:555][  0]LogShaderLibrary: Display: ShaderCodeLibraryPakFileMountedCallback: pending pak file info (ChunkID:-1 Root:root:/ File:F:/epic/UE_4.27/FeaturePacks/TP_VehicleBP.upack)
[2025.08.25-11.19.15:555][  0]LogPakFile: OnPakFileMounted2Time == 0.000020
[2025.08.25-11.19.15:556][  0]LogPakFile: PakFile PrimaryIndexSize=192
[2025.08.25-11.19.15:556][  0]LogPakFile: PakFile PathHashIndexSize=101
[2025.08.25-11.19.15:556][  0]LogPakFile: PakFile FullDirectoryIndexSize=158
[2025.08.25-11.19.15:556][  0]LogShaderLibrary: Display: ShaderCodeLibraryPakFileMountedCallback: PakFile 'F:/epic/UE_4.27/FeaturePacks/TP_VirtualRealityBP.upack' (chunk index -1, root 'root:/') mounted
[2025.08.25-11.19.15:556][  0]LogShaderLibrary: Display: ShaderCodeLibraryPakFileMountedCallback: pending pak file info (ChunkID:-1 Root:root:/ File:F:/epic/UE_4.27/FeaturePacks/TP_VirtualRealityBP.upack)
[2025.08.25-11.19.15:556][  0]LogPakFile: OnPakFileMounted2Time == 0.000020
[2025.08.25-11.19.15:603][  0]LogNativeClassHierarchy: Verbose: Native class hierarchy updated for 'AddContentDialog' in 0.0002 seconds. Added 0 classes and 0 folders.
[2025.08.25-11.19.15:604][  0]LogNativeClassHierarchy: Verbose: Native class hierarchy updated for 'SceneOutliner' in 0.0002 seconds. Added 2 classes and 0 folders.
[2025.08.25-11.19.15:673][  0]LogSlate: Took 0.000444 seconds to synchronously load lazily loaded font '../../../Engine/Content/Slate/Fonts/Roboto-Regular.ttf' (155K)
[2025.08.25-11.19.15:673][  0]LogSlate: Took 0.000170 seconds to synchronously load lazily loaded font '../../../Engine/Content/Editor/Slate/Fonts/FontAwesome.ttf' (139K)
[2025.08.25-11.19.15:675][  0]LogSlate: Took 0.000193 seconds to synchronously load lazily loaded font '../../../Engine/Content/Slate/Fonts/Roboto-Bold.ttf' (160K)
[2025.08.25-11.19.15:728][  0]LogRenderer: Reallocating scene render targets to support 760x460 Format 10 NumSamples 1 (Frame:1).
[2025.08.25-11.19.16:064][  0]LogSlate: Took 0.000232 seconds to synchronously load lazily loaded font '../../../Engine/Content/Slate/Fonts/Roboto-Light.ttf' (167K)
[2025.08.25-11.19.16:133][  0]LogNativeClassHierarchy: Verbose: Native class hierarchy updated for 'HierarchicalLODOutliner' in 0.0002 seconds. Added 0 classes and 0 folders.
[2025.08.25-11.19.16:133][  0]LogLoad: (Engine Initialization) Total time: 7.68 seconds
[2025.08.25-11.19.16:133][  0]LogLoad: (Engine Initialization) Total Blueprint compile time: 0.00 seconds
[2025.08.25-11.19.16:183][  0]LogAssetRegistry: Asset discovery search completed in 4.3002 seconds
[2025.08.25-11.19.16:188][  0]LogCollectionManager: Fixed up redirectors for 0 collections in 0.000004 seconds (updated 0 objects)
[2025.08.25-11.19.16:189][  0]LogContentStreaming: Texture pool size now 1000 MB
[2025.08.25-11.19.17:498][  4]LogSlate: Took 0.000214 seconds to synchronously load lazily loaded font '../../../Engine/Content/Slate/Fonts/Roboto-Light.ttf' (167K)
[2025.08.25-11.19.18:053][ 16]LogAssetEditorSubsystem: Opening Asset editor for Blueprint /Game/BluePrints/Characters/Player/BP_CharacterPlayerBase.BP_CharacterPlayerBase
[2025.08.25-11.19.18:159][ 16]LogNativeClassHierarchy: Verbose: Native class hierarchy updated for 'BlueprintGraph' in 0.0004 seconds. Added 126 classes and 0 folders.
[2025.08.25-11.19.18:641][ 16]LogSlate: Took 0.000277 seconds to synchronously load lazily loaded font '../../../Engine/Content/Slate/Fonts/Roboto-BoldCondensed.ttf' (158K)
[2025.08.25-11.19.19:798][ 83]LogRenderer: Reallocating scene render targets to support 800x720 Format 10 NumSamples 1 (Frame:1).
[2025.08.25-11.19.21:038][157]LogSlate: Took 0.000244 seconds to synchronously load lazily loaded font '../../../Engine/Content/Slate/Fonts/Roboto-Italic.ttf' (157K)
[2025.08.25-11.19.28:208][558]LogEditorClassViewer: Warning: Class /Engine/Tutorial/InWorldBlueprintEditing/TutorialAssets/IWBE_Blutility.IWBE_Blutility_C has parent /Script/Blutility.PlacedEditorUtilityBase, but this parent is not found. The Class will not be shown in ClassViewer.
[2025.08.25-11.19.29:584][638]LogSavePackage: Moving 'E:/programs/UE4_learn/workdemo/Saved/BP_CharacterPlayerBaseE837329E486E17BF16A3259A32FABBC7.tmp' to 'E:/programs/UE4_learn/workdemo/Content/BluePrints/Characters/Player/BP_CharacterPlayerBase.uasset'
[2025.08.25-11.19.29:598][638]AssetCheck: New page: Asset Save: BP_CharacterPlayerBase
[2025.08.25-11.19.29:598][638]LogContentValidation: Display: Validating Blueprint /Game/BluePrints/Characters/Player/BP_CharacterPlayerBase.BP_CharacterPlayerBase
[2025.08.25-11.19.31:459][749]BlueprintLog: New page: Compile BP_CharacterPlayerBase
[2025.08.25-11.19.31:493][749]LogUObjectHash: Compacting FUObjectHashTables data took   1.67ms
[2025.08.25-11.19.31:871][770]LogSavePackage: Moving 'E:/programs/UE4_learn/workdemo/Saved/BP_CharacterPlayerBase7D3344CD420365C3658537A68BA0A951.tmp' to 'E:/programs/UE4_learn/workdemo/Content/BluePrints/Characters/Player/BP_CharacterPlayerBase.uasset'
[2025.08.25-11.19.31:881][770]AssetCheck: New page: Asset Save: BP_CharacterPlayerBase
[2025.08.25-11.19.31:881][770]LogContentValidation: Display: Validating Blueprint /Game/BluePrints/Characters/Player/BP_CharacterPlayerBase.BP_CharacterPlayerBase
[2025.08.25-11.20.55:665][434]LogWindowsTextInputMethodSystem: Display: IME system deactivated.
[2025.08.25-11.20.55:669][434]LogWindowsTextInputMethodSystem: Display: IME system activated using TSF (微软拼音).
[2025.08.25-11.21.08:003][114]LogSavePackage: Moving 'E:/programs/UE4_learn/workdemo/Saved/BP_CharacterPlayerBase24FEC8E645CDE4FA774D18BEFCB823ED.tmp' to 'E:/programs/UE4_learn/workdemo/Content/BluePrints/Characters/Player/BP_CharacterPlayerBase.uasset'
[2025.08.25-11.21.08:015][114]AssetCheck: New page: Asset Save: BP_CharacterPlayerBase
[2025.08.25-11.21.08:015][114]LogContentValidation: Display: Validating Blueprint /Game/BluePrints/Characters/Player/BP_CharacterPlayerBase.BP_CharacterPlayerBase
[2025.08.25-11.21.09:960][225]BlueprintLog: New page: Compile BP_CharacterPlayerBase
[2025.08.25-11.21.09:986][225]LogUObjectHash: Compacting FUObjectHashTables data took   1.76ms
[2025.08.25-11.21.26:332][181]LogContentBrowser: Attempting asset rename: BP_CharacterPlayerBase -> BP_CharacterPlayerBase
[2025.08.25-11.21.27:357][241]LogUObjectHash: Compacting FUObjectHashTables data took   1.47ms
[2025.08.25-11.21.30:256][241]LogSlate: Window 'Delete Assets' being destroyed
[2025.08.25-11.21.34:011][464]LogContentBrowser: Attempting asset rename: BP_CharacterPlayerBase -> BP_CharacterPlayerBase
[2025.08.25-11.21.48:246][308]LogAssetEditorSubsystem: Opening Asset editor for Blueprint /Game/BluePrints/Characters/Player/BP_CharacterPlayerBase1.BP_CharacterPlayerBase1
[2025.08.25-11.21.48:526][308]LogSlate: Window 'Add Blueprint Class' being destroyed
[2025.08.25-11.21.48:578][308]LogRenderer: Reallocating scene render targets to support 800x724 Format 10 NumSamples 1 (Frame:1).
[2025.08.25-11.22.51:784][ 34]LogSavePackage: Moving 'E:/programs/UE4_learn/workdemo/Saved/BP_CharacterPlayerBase15EE5D79F45AF75A33B409D9AC9C136AD.tmp' to 'E:/programs/UE4_learn/workdemo/Content/BluePrints/Characters/Player/BP_CharacterPlayerBase1.uasset'
[2025.08.25-11.22.51:796][ 34]AssetCheck: New page: Asset Save: BP_CharacterPlayerBase1
[2025.08.25-11.22.51:796][ 34]LogContentValidation: Display: Validating Blueprint /Game/BluePrints/Characters/Player/BP_CharacterPlayerBase1.BP_CharacterPlayerBase1
[2025.08.25-11.23.04:349][776]LogSavePackage: Moving 'E:/programs/UE4_learn/workdemo/Saved/BP_CharacterPlayerBase18503733543DC640AE2D5A8AF4D622B8A.tmp' to 'E:/programs/UE4_learn/workdemo/Content/BluePrints/Characters/Player/BP_CharacterPlayerBase1.uasset'
[2025.08.25-11.23.04:358][776]AssetCheck: New page: Asset Save: BP_CharacterPlayerBase1
[2025.08.25-11.23.04:358][776]LogContentValidation: Display: Validating Blueprint /Game/BluePrints/Characters/Player/BP_CharacterPlayerBase1.BP_CharacterPlayerBase1
[2025.08.25-11.23.05:284][831]LogSavePackage: Moving 'E:/programs/UE4_learn/workdemo/Saved/BP_CharacterPlayerBase185674ED24630AED4B0DF279E73AAFB3C.tmp' to 'E:/programs/UE4_learn/workdemo/Content/BluePrints/Characters/Player/BP_CharacterPlayerBase1.uasset'
[2025.08.25-11.23.05:298][831]AssetCheck: New page: Asset Save: BP_CharacterPlayerBase1
[2025.08.25-11.23.05:298][831]LogContentValidation: Display: Validating Blueprint /Game/BluePrints/Characters/Player/BP_CharacterPlayerBase1.BP_CharacterPlayerBase1
[2025.08.25-11.23.08:596][ 18]BlueprintLog: New page: Compile BP_CharacterPlayerBase1
[2025.08.25-11.23.08:623][ 18]LogUObjectHash: Compacting FUObjectHashTables data took   1.80ms
[2025.08.25-11.23.09:116][ 44]LogSavePackage: Moving 'E:/programs/UE4_learn/workdemo/Saved/BP_CharacterPlayerBase12ED799E648E720ACD44297B4FA452E64.tmp' to 'E:/programs/UE4_learn/workdemo/Content/BluePrints/Characters/Player/BP_CharacterPlayerBase1.uasset'
[2025.08.25-11.23.09:131][ 44]AssetCheck: New page: Asset Save: BP_CharacterPlayerBase1
[2025.08.25-11.23.09:131][ 44]LogContentValidation: Display: Validating Blueprint /Game/BluePrints/Characters/Player/BP_CharacterPlayerBase1.BP_CharacterPlayerBase1
[2025.08.25-11.23.13:400][195]LogSlate: Window 'BP_CharacterPlayerBase1' being destroyed
[2025.08.25-11.23.13:406][196]LogRenderer: Reallocating scene render targets to support 952x724 Format 10 NumSamples 1 (Frame:5655).
[2025.08.25-11.23.17:284][427]LogWorld: UWorld::CleanupWorld for World_0, bSessionEnded=true, bCleanupResources=true
[2025.08.25-11.23.17:284][427]LogSlate: InvalidateAllWidgets triggered.  All widgets were invalidated
[2025.08.25-11.23.19:095][532]LogUObjectHash: Compacting FUObjectHashTables data took   1.51ms
[2025.08.25-11.23.27:969][532]LogSlate: Window 'Replace References?' being destroyed
[2025.08.25-11.23.27:978][532]Message dialog closed, result: Ok, title: Replace References?, text: This will replace any reference to the pending deleted assets with BP_CharacterPlayerBase1; and then delete them.

Are you sure?
[2025.08.25-11.23.27:978][532]LogSlate: Window 'Delete Assets' being destroyed
[2025.08.25-11.23.27:998][532]LogActorComponent: UnregisterComponent: (/Engine/Transient.EditorFloorComp) Not registered. Aborting.
[2025.08.25-11.23.27:998][532]LogWorld: UWorld::CleanupWorld for World_2, bSessionEnded=true, bCleanupResources=true
[2025.08.25-11.23.27:998][532]LogSlate: InvalidateAllWidgets triggered.  All widgets were invalidated
[2025.08.25-11.23.28:595][532]LogUObjectHash: Compacting FUObjectHashTables data took   1.29ms
[2025.08.25-11.23.28:658][532]LogObjectTools: Warning: Detected inconsistencies between reference gathering algorithms. Switching 'Editor.UseLegacyGetReferencersForDeletion' on for the remainder of this editor session.
[2025.08.25-11.23.28:818][532]LogUObjectHash: Compacting FUObjectHashTables data took   1.13ms
[2025.08.25-11.23.30:127][532]LogSlate: Window 'Save Content' being destroyed
[2025.08.25-11.23.30:165][532]Cmd: OBJ SAVEPACKAGE PACKAGE="/Game/BluePrints/Characters/Player/ABP_CaptainClass" FILE="E:/programs/UE4_learn/workdemo/Content/BluePrints/Characters/Player/ABP_CaptainClass.uasset" SILENT=true
[2025.08.25-11.23.30:186][532]LogSavePackage: Moving 'E:/programs/UE4_learn/workdemo/Saved/ABP_CaptainClass907E818B426C2E420F00EA8B90B36868.tmp' to 'E:/programs/UE4_learn/workdemo/Content/BluePrints/Characters/Player/ABP_CaptainClass.uasset'
[2025.08.25-11.23.30:190][532]LogSavePackage: Moving 'E:/programs/UE4_learn/workdemo/Saved/BP_CharacterPlayerBaseE8416F8E40F3854149D50B9291FBB88E.tmp' to 'E:/programs/UE4_learn/workdemo/Content/BluePrints/Characters/Player/BP_CharacterPlayerBase.uasset'
[2025.08.25-11.23.30:191][532]Cmd: OBJ SAVEPACKAGE PACKAGE="/Game/BluePrints/GameMode/GM_workdemoGameModeBase" FILE="E:/programs/UE4_learn/workdemo/Content/BluePrints/GameMode/GM_workdemoGameModeBase.uasset" SILENT=true
[2025.08.25-11.23.30:193][532]LogSavePackage: Moving 'E:/programs/UE4_learn/workdemo/Saved/GM_workdemoGameModeBaseA0F210D54EA5C70D0DC63BA77C7B8175.tmp' to 'E:/programs/UE4_learn/workdemo/Content/BluePrints/GameMode/GM_workdemoGameModeBase.uasset'
[2025.08.25-11.23.30:209][532]AssetCheck: New page: Asset Save: multiple assets
[2025.08.25-11.23.30:210][532]LogContentValidation: Display: Validating PaperZDAnimBP /Game/BluePrints/Characters/Player/ABP_CaptainClass.ABP_CaptainClass
[2025.08.25-11.23.30:210][532]LogContentValidation: Display: Validating Blueprint /Game/BluePrints/GameMode/GM_workdemoGameModeBase.GM_workdemoGameModeBase
[2025.08.25-11.23.30:210][532]LogContentValidation: Display: Validating ObjectRedirector /Game/BluePrints/Characters/Player/BP_CharacterPlayerBase.Default__BP_CharacterPlayerBase_C
[2025.08.25-11.23.30:210][532]LogContentValidation: Display: Validating ObjectRedirector /Game/BluePrints/Characters/Player/BP_CharacterPlayerBase.BP_CharacterPlayerBase_C
[2025.08.25-11.23.30:210][532]LogContentValidation: Display: Validating ObjectRedirector /Game/BluePrints/Characters/Player/BP_CharacterPlayerBase.BP_CharacterPlayerBase
[2025.08.25-11.23.36:545][903]LogContentBrowser: Attempting asset rename: BP_CharacterPlayerBase1 -> BP_CharacterPlayerBase1
[2025.08.25-11.23.37:784][976]Cmd: OBJ SAVEPACKAGE PACKAGE="/Game/Maps/M_Debug" FILE="E:/programs/UE4_learn/workdemo/Content/Maps/M_Debug.umap" SILENT=true AUTOSAVING=false KEEPDIRTY=false
[2025.08.25-11.23.37:796][976]LogUObjectHash: Compacting FUObjectHashTables data took   1.09ms
[2025.08.25-11.23.37:802][976]LogSavePackage: Moving 'E:/programs/UE4_learn/workdemo/Saved/M_DebugBB8D73D648098E7E0A65E2AE97A66701.tmp' to 'E:/programs/UE4_learn/workdemo/Content/Maps/M_Debug.umap'
[2025.08.25-11.23.37:808][976]Cmd: OBJ SAVEPACKAGE PACKAGE="/Game/Maps/M_Debug_BuiltData" FILE="E:/programs/UE4_learn/workdemo/Content/Maps/M_Debug_BuiltData.uasset" SILENT=true
[2025.08.25-11.23.37:816][976]LogSavePackage: Moving 'E:/programs/UE4_learn/workdemo/Saved/M_Debug_BuiltData6956D3F04ACAB5808F9CAF9589A8860D.tmp' to 'E:/programs/UE4_learn/workdemo/Content/Maps/M_Debug_BuiltData.uasset'
[2025.08.25-11.23.37:832][976]AssetCheck: New page: Asset Save: multiple assets
[2025.08.25-11.23.37:832][976]LogContentValidation: Display: Validating MapBuildDataRegistry /Game/Maps/M_Debug_BuiltData.M_Debug_BuiltData
[2025.08.25-11.23.37:832][976]LogContentValidation: Display: Validating World /Game/Maps/M_Debug.M_Debug
[2025.08.25-11.23.38:548][ 19]LogTemp: Repeating last play command: Selected Viewport
[2025.08.25-11.23.38:553][ 19]BlueprintLog: New page: Pre-Play auto-recompile
[2025.08.25-11.23.38:553][ 19]LogPlayLevel: [PlayLevel] Compiling ABP_CaptainClass before play...
[2025.08.25-11.23.38:558][ 19]LogBlueprint: Error: [AssetLog] E:\programs\UE4_learn\workdemo\Content\BluePrints\Characters\Player\ABP_CaptainClass.uasset: [Compiler] Can't connect pins  Character  and  As BP Character Player Base : Object Reference is not compatible with BP Character Player Base 1 Object Reference.
[2025.08.25-11.23.38:558][ 19]LogBlueprint: Error: [AssetLog] E:\programs\UE4_learn\workdemo\Content\BluePrints\Characters\Player\ABP_CaptainClass.uasset: [Compiler] Can't connect pins  As BP Character Player Base  and  Character : BP Character Player Base 1 Object Reference is not compatible with Object Reference.
[2025.08.25-11.23.38:559][ 19]LogBlueprint: Error: [AssetLog] E:\programs\UE4_learn\workdemo\Content\BluePrints\Characters\Player\ABP_CaptainClass.uasset: [Compiler] Can't connect pins  Target  and  Character : Actor Object Reference is not compatible with Object Reference.
[2025.08.25-11.23.38:559][ 19]LogBlueprint: Error: [AssetLog] E:\programs\UE4_learn\workdemo\Content\BluePrints\Characters\Player\ABP_CaptainClass.uasset: [Compiler] Can't connect pins  Character  and  Target : Object Reference is not compatible with Actor Object Reference.
[2025.08.25-11.23.38:559][ 19]LogBlueprint: Error: [AssetLog] E:\programs\UE4_learn\workdemo\Content\BluePrints\Characters\Player\ABP_CaptainClass.uasset: [Compiler] Can't connect pins  Target  and  Character : Actor Object Reference is not compatible with Object Reference.
[2025.08.25-11.23.38:560][ 19]LogBlueprint: Error: [AssetLog] E:\programs\UE4_learn\workdemo\Content\BluePrints\Characters\Player\ABP_CaptainClass.uasset: [Compiler] Can't connect pins  Character  and  Target : Object Reference is not compatible with Actor Object Reference.
[2025.08.25-11.23.38:560][ 19]LogBlueprint: Error: [AssetLog] E:\programs\UE4_learn\workdemo\Content\BluePrints\Characters\Player\ABP_CaptainClass.uasset: [Compiler] Can't connect pins  Character  and  As BP Character Player Base : Object Reference is not compatible with BP Character Player Base 1 Object Reference.
[2025.08.25-11.23.38:560][ 19]LogBlueprint: Error: [AssetLog] E:\programs\UE4_learn\workdemo\Content\BluePrints\Characters\Player\ABP_CaptainClass.uasset: [Compiler] Can't connect pins  As BP Character Player Base  and  Character : BP Character Player Base 1 Object Reference is not compatible with Object Reference.
[2025.08.25-11.23.38:561][ 19]LogBlueprint: Error: [AssetLog] E:\programs\UE4_learn\workdemo\Content\BluePrints\Characters\Player\ABP_CaptainClass.uasset: [Compiler] Can't connect pins  Target  and  Character : Actor Object Reference is not compatible with Object Reference.
[2025.08.25-11.23.38:561][ 19]LogBlueprint: Error: [AssetLog] E:\programs\UE4_learn\workdemo\Content\BluePrints\Characters\Player\ABP_CaptainClass.uasset: [Compiler] Can't connect pins  Character  and  Target : Object Reference is not compatible with Actor Object Reference.
[2025.08.25-11.23.38:561][ 19]LogBlueprint: Error: [AssetLog] E:\programs\UE4_learn\workdemo\Content\BluePrints\Characters\Player\ABP_CaptainClass.uasset: [Compiler] Can't connect pins  Target  and  Character : Actor Object Reference is not compatible with Object Reference.
[2025.08.25-11.23.38:561][ 19]LogBlueprint: Error: [AssetLog] E:\programs\UE4_learn\workdemo\Content\BluePrints\Characters\Player\ABP_CaptainClass.uasset: [Compiler] Can't connect pins  Character  and  Target : Object Reference is not compatible with Actor Object Reference.
[2025.08.25-11.23.38:562][ 19]LogBlueprint: Error: [AssetLog] E:\programs\UE4_learn\workdemo\Content\BluePrints\Characters\Player\ABP_CaptainClass.uasset: [Compiler] Failed to find class for pin  Character
[2025.08.25-11.23.38:576][ 19]LogUObjectHash: Compacting FUObjectHashTables data took   1.57ms
[2025.08.25-11.23.38:576][ 19]LogPlayLevel: PlayLevel: Blueprint regeneration took 23 ms (1 blueprints)
[2025.08.25-11.23.38:576][ 19]BlueprintLog: Warning: Blueprint failed to compile:  ABP_CaptainClass
[2025.08.25-11.23.38:576][ 19]LogCustomDialog: Dialog displayed:
[2025.08.25-11.23.40:479][ 19]LogSlate: Window 'Blueprint Compilation Errors' being destroyed
[2025.08.25-11.23.40:489][ 19]PIE: New page: PIE session: M_Debug (2025年8月26日 上午3:23:40)
[2025.08.25-11.23.40:491][ 19]LogOnline: OSS: Creating online subsystem instance for: NULL
[2025.08.25-11.23.40:493][ 19]LogOnline: OSS: TryLoadSubsystemAndSetDefault: Loaded subsystem for module [NULL]
[2025.08.25-11.23.40:493][ 19]LogPlayLevel: Creating play world package: /Game/Maps/UEDPIE_0_M_Debug
[2025.08.25-11.23.40:495][ 19]LogPlayLevel: PIE: StaticDuplicateObject took: (0.001897s)
[2025.08.25-11.23.40:495][ 19]LogAIModule: Creating AISystem for world M_Debug
[2025.08.25-11.23.40:496][ 19]LogPlayLevel: PIE: World Init took: (0.000837s)
[2025.08.25-11.23.40:496][ 19]LogPlayLevel: PIE: Created PIE world by copying editor world from /Game/Maps/M_Debug.M_Debug to /Game/Maps/UEDPIE_0_M_Debug.M_Debug (0.002845s)
[2025.08.25-11.23.40:506][ 19]LogUObjectHash: Compacting FUObjectHashTables data took   1.10ms
[2025.08.25-11.23.40:506][ 19]LogAudio: Display: Creating Audio Device:                 Id: 2, Scope: Unique, Realtime: True
[2025.08.25-11.23.40:506][ 19]LogAudioMixer: Display: Audio Mixer Platform Settings:
[2025.08.25-11.23.40:506][ 19]LogAudioMixer: Display: 	Sample Rate:						  48000
[2025.08.25-11.23.40:506][ 19]LogAudioMixer: Display: 	Callback Buffer Frame Size Requested: 1024
[2025.08.25-11.23.40:506][ 19]LogAudioMixer: Display: 	Callback Buffer Frame Size To Use:	  1024
[2025.08.25-11.23.40:506][ 19]LogAudioMixer: Display: 	Number of buffers to queue:			  2
[2025.08.25-11.23.40:506][ 19]LogAudioMixer: Display: 	Max Channels (voices):				  32
[2025.08.25-11.23.40:506][ 19]LogAudioMixer: Display: 	Number of Async Source Workers:		  0
[2025.08.25-11.23.40:506][ 19]LogAudio: Display: AudioDevice MaxSources: 32
[2025.08.25-11.23.40:506][ 19]LogAudio: Display: Audio Spatialization Plugin: None (built-in).
[2025.08.25-11.23.40:508][ 19]LogAudio: Display: Audio Reverb Plugin: None (built-in).
[2025.08.25-11.23.40:508][ 19]LogAudio: Display: Audio Occlusion Plugin: None (built-in).
[2025.08.25-11.23.40:508][ 19]LogAudioMixer: Display: Initializing audio mixer.
[2025.08.25-11.23.40:511][ 19]LogAudioMixer: Display: 0: FrontLeft
[2025.08.25-11.23.40:511][ 19]LogAudioMixer: Display: 1: FrontRight
[2025.08.25-11.23.40:600][ 19]LogAudioMixer: Display: Using Audio Device 扬声器 (Realtek(R) Audio)
[2025.08.25-11.23.40:600][ 19]LogAudioMixer: Display: Initializing Sound Submixes...
[2025.08.25-11.23.40:600][ 19]LogAudioMixer: Display: Creating Master Submix 'MasterSubmixDefault'
[2025.08.25-11.23.40:600][ 19]LogAudioMixer: Display: Creating Master Submix 'MasterReverbSubmixDefault'
[2025.08.25-11.23.40:600][ 19]LogAudioMixer: Display: Creating Master Submix 'MasterEQSubmixDefault'
[2025.08.25-11.23.40:600][ 19]LogAudioMixer: FMixerPlatformXAudio2::StartAudioStream() called
[2025.08.25-11.23.40:600][ 19]LogAudioMixer: Display: Output buffers initialized: Frames=1024, Channels=2, Samples=2048
[2025.08.25-11.23.40:601][ 19]LogAudioMixer: Display: Starting AudioMixerPlatformInterface::RunInternal()
[2025.08.25-11.23.40:601][ 19]LogAudioMixer: Display: FMixerPlatformXAudio2::SubmitBuffer() called for the first time
[2025.08.25-11.23.40:601][ 19]LogInit: FAudioDevice initialized.
[2025.08.25-11.23.40:601][ 19]LogAudio: Display: Audio Device (ID: 2) registered with world 'M_Debug'.
[2025.08.25-11.23.40:608][ 19]LogLoad: Game class is 'GM_workdemoGameModeBase_C'
[2025.08.25-11.23.40:609][ 19]LogWorld: Bringing World /Game/Maps/UEDPIE_0_M_Debug.M_Debug up for play (max tick rate 60) at 2025.08.25-19.23.40
[2025.08.25-11.23.40:610][ 19]LogWorld: Bringing up level for play took: 0.000529
[2025.08.25-11.23.40:610][ 19]LogOnline: OSS: Creating online subsystem instance for: :Context_5
[2025.08.25-11.23.40:615][ 19]LogNativeClassHierarchy: Verbose: Native class hierarchy updated for 'MovieSceneCapture' in 0.0002 seconds. Added 20 classes and 0 folders.
[2025.08.25-11.23.40:616][ 19]LogTemp: Warning: No animation class defined on 'Animation', cannot create instance.
[2025.08.25-11.23.40:617][ 19]PIE: Server logged in
[2025.08.25-11.23.40:618][ 19]PIE: Play in editor total start time 2.065 seconds.
[2025.08.25-11.23.46:191][341]LogSlate: Updating window title bar state: overlay mode, drag disabled, window buttons hidden, title bar hidden
[2025.08.25-11.23.46:191][341]LogWorld: BeginTearingDown for /Game/Maps/UEDPIE_0_M_Debug
[2025.08.25-11.23.46:191][341]LogWorld: UWorld::CleanupWorld for M_Debug, bSessionEnded=true, bCleanupResources=true
[2025.08.25-11.23.46:191][341]LogSlate: InvalidateAllWidgets triggered.  All widgets were invalidated
[2025.08.25-11.23.46:201][341]LogPlayLevel: Display: Shutting down PIE online subsystems
[2025.08.25-11.23.46:205][341]LogSlate: InvalidateAllWidgets triggered.  All widgets were invalidated
[2025.08.25-11.23.46:225][341]LogSlate: Updating window title bar state: overlay mode, drag disabled, window buttons hidden, title bar hidden
[2025.08.25-11.23.46:226][341]LogAudioMixer: FMixerPlatformXAudio2::StopAudioStream() called
[2025.08.25-11.23.46:227][341]LogAudioMixer: FMixerPlatformXAudio2::StopAudioStream() called
[2025.08.25-11.23.46:251][341]LogUObjectHash: Compacting FUObjectHashTables data took   2.36ms
[2025.08.25-11.23.46:267][342]LogPlayLevel: Display: Destroying online subsystem :Context_5
[2025.08.25-11.23.49:581][535]LogAssetEditorSubsystem: Opening Asset editor for Blueprint /Game/BluePrints/Characters/Player/BP_CharacterPlayerBase1.BP_CharacterPlayerBase1
[2025.08.25-11.23.49:945][535]LogSlate: The tab "Document" attempted to spawn in layout 'Standalone_BlueprintDefaults_Layout_v6' but failed for some reason. An "unrecognized tab" will be returned instead.
[2025.08.25-11.23.51:364][615]LogSlate: Window 'Document' being destroyed
[2025.08.25-11.23.51:372][615]LogSlate: Window 'Document' being destroyed
[2025.08.25-11.23.52:116][660]LogSlate: Window 'BP_CharacterPlayerBase1' being destroyed
[2025.08.25-11.23.52:133][660]LogWorld: UWorld::CleanupWorld for World_4, bSessionEnded=true, bCleanupResources=true
[2025.08.25-11.23.52:133][660]LogSlate: InvalidateAllWidgets triggered.  All widgets were invalidated
[2025.08.25-11.23.52:179][660]LogAssetEditorSubsystem: Opening Asset editor for Blueprint /Game/BluePrints/Characters/Player/BP_CharacterPlayerBase1.BP_CharacterPlayerBase1
[2025.08.25-11.23.53:533][721]LogSlate: Window 'BP_CharacterPlayerBase1' being destroyed
[2025.08.25-11.24.15:702][ 38]LogSlate: Prevented a slow task dialog from being summoned while a context menu was open
[2025.08.25-11.24.15:716][ 38]LogEditorClassViewer: Warning: Class /Engine/Tutorial/InWorldBlueprintEditing/TutorialAssets/IWBE_Blutility.IWBE_Blutility_C has parent /Script/Blutility.PlacedEditorUtilityBase, but this parent is not found. The Class will not be shown in ClassViewer.
[2025.08.25-11.24.18:516][205]LogSavePackage: Moving 'E:/programs/UE4_learn/workdemo/Saved/BP_CharacterPlayerBase14AECD31F4A24569CFCF6EEA564430AB7.tmp' to 'E:/programs/UE4_learn/workdemo/Content/BluePrints/Characters/Player/BP_CharacterPlayerBase1.uasset'
[2025.08.25-11.24.18:531][205]AssetCheck: New page: Asset Save: BP_CharacterPlayerBase1
[2025.08.25-11.24.18:531][205]LogContentValidation: Display: Validating Blueprint /Game/BluePrints/Characters/Player/BP_CharacterPlayerBase1.BP_CharacterPlayerBase1
[2025.08.25-11.24.19:078][236]BlueprintLog: New page: Compile BP_CharacterPlayerBase1
[2025.08.25-11.24.19:130][236]LogUObjectHash: Compacting FUObjectHashTables data took   1.77ms
[2025.08.25-11.24.19:399][251]LogSavePackage: Moving 'E:/programs/UE4_learn/workdemo/Saved/BP_CharacterPlayerBase144FDBD0A41877363E1EDF6A4DEA0D9C9.tmp' to 'E:/programs/UE4_learn/workdemo/Content/BluePrints/Characters/Player/BP_CharacterPlayerBase1.uasset'
[2025.08.25-11.24.19:411][251]AssetCheck: New page: Asset Save: BP_CharacterPlayerBase1
[2025.08.25-11.24.19:411][251]LogContentValidation: Display: Validating Blueprint /Game/BluePrints/Characters/Player/BP_CharacterPlayerBase1.BP_CharacterPlayerBase1
[2025.08.25-11.24.20:464][315]LogTemp: Repeating last play command: Selected Viewport
[2025.08.25-11.24.20:470][315]LogPlayLevel: PlayLevel: No blueprints needed recompiling
[2025.08.25-11.24.20:470][315]PIE: New page: PIE session: M_Debug (2025年8月26日 上午3:24:20)
[2025.08.25-11.24.20:510][315]LogPlayLevel: Creating play world package: /Game/Maps/UEDPIE_0_M_Debug
[2025.08.25-11.24.20:511][315]LogPlayLevel: PIE: StaticDuplicateObject took: (0.001587s)
[2025.08.25-11.24.20:512][315]LogAIModule: Creating AISystem for world M_Debug
[2025.08.25-11.24.20:512][315]LogPlayLevel: PIE: World Init took: (0.000657s)
[2025.08.25-11.24.20:512][315]LogPlayLevel: PIE: Created PIE world by copying editor world from /Game/Maps/M_Debug.M_Debug to /Game/Maps/UEDPIE_0_M_Debug.M_Debug (0.002375s)
[2025.08.25-11.24.20:526][315]LogUObjectHash: Compacting FUObjectHashTables data took   1.68ms
[2025.08.25-11.24.20:526][315]LogAudio: Display: Creating Audio Device:                 Id: 3, Scope: Unique, Realtime: True
[2025.08.25-11.24.20:526][315]LogAudioMixer: Display: Audio Mixer Platform Settings:
[2025.08.25-11.24.20:526][315]LogAudioMixer: Display: 	Sample Rate:						  48000
[2025.08.25-11.24.20:526][315]LogAudioMixer: Display: 	Callback Buffer Frame Size Requested: 1024
[2025.08.25-11.24.20:526][315]LogAudioMixer: Display: 	Callback Buffer Frame Size To Use:	  1024
[2025.08.25-11.24.20:526][315]LogAudioMixer: Display: 	Number of buffers to queue:			  2
[2025.08.25-11.24.20:526][315]LogAudioMixer: Display: 	Max Channels (voices):				  32
[2025.08.25-11.24.20:526][315]LogAudioMixer: Display: 	Number of Async Source Workers:		  0
[2025.08.25-11.24.20:526][315]LogAudio: Display: AudioDevice MaxSources: 32
[2025.08.25-11.24.20:526][315]LogAudio: Display: Audio Spatialization Plugin: None (built-in).
[2025.08.25-11.24.20:526][315]LogAudio: Display: Audio Reverb Plugin: None (built-in).
[2025.08.25-11.24.20:526][315]LogAudio: Display: Audio Occlusion Plugin: None (built-in).
[2025.08.25-11.24.20:526][315]LogAudioMixer: Display: Initializing audio mixer.
[2025.08.25-11.24.20:530][315]LogAudioMixer: Display: 0: FrontLeft
[2025.08.25-11.24.20:530][315]LogAudioMixer: Display: 1: FrontRight
[2025.08.25-11.24.20:623][315]LogAudioMixer: Display: Using Audio Device 扬声器 (Realtek(R) Audio)
[2025.08.25-11.24.20:623][315]LogAudioMixer: Display: Initializing Sound Submixes...
[2025.08.25-11.24.20:623][315]LogAudioMixer: Display: Creating Master Submix 'MasterSubmixDefault'
[2025.08.25-11.24.20:623][315]LogAudioMixer: Display: Creating Master Submix 'MasterReverbSubmixDefault'
[2025.08.25-11.24.20:623][315]LogAudioMixer: Display: Creating Master Submix 'MasterEQSubmixDefault'
[2025.08.25-11.24.20:623][315]LogAudioMixer: FMixerPlatformXAudio2::StartAudioStream() called
[2025.08.25-11.24.20:623][315]LogAudioMixer: Display: Output buffers initialized: Frames=1024, Channels=2, Samples=2048
[2025.08.25-11.24.20:624][315]LogAudioMixer: Display: Starting AudioMixerPlatformInterface::RunInternal()
[2025.08.25-11.24.20:624][315]LogAudioMixer: Display: FMixerPlatformXAudio2::SubmitBuffer() called for the first time
[2025.08.25-11.24.20:624][315]LogInit: FAudioDevice initialized.
[2025.08.25-11.24.20:624][315]LogAudio: Display: Audio Device (ID: 3) registered with world 'M_Debug'.
[2025.08.25-11.24.20:636][315]LogLoad: Game class is 'GM_workdemoGameModeBase_C'
[2025.08.25-11.24.20:638][315]LogWorld: Bringing World /Game/Maps/UEDPIE_0_M_Debug.M_Debug up for play (max tick rate 60) at 2025.08.25-19.24.20
[2025.08.25-11.24.20:638][315]LogWorld: Bringing up level for play took: 0.000480
[2025.08.25-11.24.20:638][315]LogOnline: OSS: Creating online subsystem instance for: :Context_8
[2025.08.25-11.24.20:640][315]PIE: Server logged in
[2025.08.25-11.24.20:641][315]PIE: Play in editor total start time 0.172 seconds.
[2025.08.25-11.24.25:640][613]LogSlate: Updating window title bar state: overlay mode, drag disabled, window buttons hidden, title bar hidden
[2025.08.25-11.24.25:640][613]LogWorld: BeginTearingDown for /Game/Maps/UEDPIE_0_M_Debug
[2025.08.25-11.24.25:641][613]LogWorld: UWorld::CleanupWorld for M_Debug, bSessionEnded=true, bCleanupResources=true
[2025.08.25-11.24.25:641][613]LogSlate: InvalidateAllWidgets triggered.  All widgets were invalidated
[2025.08.25-11.24.25:649][613]LogPlayLevel: Display: Shutting down PIE online subsystems
[2025.08.25-11.24.25:652][613]LogSlate: InvalidateAllWidgets triggered.  All widgets were invalidated
[2025.08.25-11.24.25:663][613]LogAudio: Display: Audio Device unregistered from world 'None'.
[2025.08.25-11.24.25:664][613]LogAudioMixer: FMixerPlatformXAudio2::StopAudioStream() called
[2025.08.25-11.24.25:665][613]LogAudioMixer: FMixerPlatformXAudio2::StopAudioStream() called
[2025.08.25-11.24.25:667][613]LogSlate: Updating window title bar state: overlay mode, drag disabled, window buttons hidden, title bar hidden
[2025.08.25-11.24.25:669][613]LogUObjectHash: Compacting FUObjectHashTables data took   1.29ms
[2025.08.25-11.24.25:707][615]LogPlayLevel: Display: Destroying online subsystem :Context_8
[2025.08.25-11.24.26:210][644]Candidate modules for hot reload:
[2025.08.25-11.24.26:210][644]  workdemo
[2025.08.25-11.24.26:211][644]Launching UnrealBuildTool... [F:/epic/UE_4.27/Engine/Binaries/DotNET/UnrealBuildTool.exe  -ModuleWithSuffix=workdemo,6887 workdemoEditor Win64 Development -Project="E:/programs/UE4_learn/workdemo/workdemo.uproject" "E:/programs/UE4_learn/workdemo/workdemo.uproject"  -IgnoreJunk]
[2025.08.25-11.24.26:220][644]Warning: Starting HotReload took  0.0s.
[2025.08.25-11.24.27:605][712]CompilerResultsLog: New page: Compilation - 2025年8月26日 上午3:24:27
[2025.08.25-11.24.27:605][712]CompilerResultsLog: Using 'git status' to determine working set for adaptive non-unity build (E:\programs\UE4_learn\workdemo).
[2025.08.25-11.24.27:606][712]CompilerResultsLog: Building workdemoEditor...
[2025.08.25-11.24.27:606][712]CompilerResultsLog: Using Visual Studio 2022 14.44.35215 toolchain (D:\software\gamedev\VC\Tools\MSVC\14.44.35207) and Windows 10.0.26100.0 SDK (C:\Program Files (x86)\Windows Kits\10).
[2025.08.25-11.24.27:606][712]CompilerResultsLog: Building 3 actions with 20 processes...
[2025.08.25-11.24.27:606][712]CompilerResultsLog:   [1/3] UE4Editor-workdemo-6887.lib
[2025.08.25-11.24.27:606][712]CompilerResultsLog:     ???ڴ????? E:\programs\UE4_learn\workdemo\Intermediate\Build\Win64\UE4Editor\Development\workdemo\UE4Editor-workdemo-6887.lib ?Ͷ??? E:\programs\UE4_learn\workdemo\Intermediate\Build\Win64\UE4Editor\Development\workdemo\UE4Editor-workdemo-6887.exp
[2025.08.25-11.24.27:606][712]CompilerResultsLog:   [2/3] UE4Editor-workdemo-6887.dll
[2025.08.25-11.24.27:606][712]CompilerResultsLog:     ???ڴ????? E:\programs\UE4_learn\workdemo\Intermediate\Build\Win64\UE4Editor\Development\workdemo\UE4Editor-workdemo-6887.suppressed.lib ?Ͷ??? E:\programs\UE4_learn\workdemo\Intermediate\Build\Win64\UE4Editor\Development\workdemo\UE4Editor-workdemo-6887.suppressed.exp
[2025.08.25-11.24.27:606][712]CompilerResultsLog:   [3/3] workdemoEditor.target
[2025.08.25-11.24.27:606][712]CompilerResultsLog: Total time in Parallel executor: 0.72 seconds
[2025.08.25-11.24.27:606][712]CompilerResultsLog: Total execution time: 1.28 seconds
[2025.08.25-11.24.27:606][712]LogMainFrame: MainFrame: Module compiling took 1.402 seconds
[2025.08.25-11.24.27:623][712]LogNativeClassHierarchy: Verbose: Native class hierarchy updated for 'workdemo' in 0.0003 seconds. Added 3 classes and 2 folders.
[2025.08.25-11.24.27:626][712]Display: HotReload successful (10 functions remapped  0 scriptstructs remapped)
[2025.08.25-11.24.27:697][712]LogNativeClassHierarchy: Verbose: Native class hierarchy populated in 0.0067 seconds. Added 3882 classes and 945 folders.
[2025.08.25-11.24.27:697][712]Display: HotReload took  1.5s.
[2025.08.25-11.24.49:978][804]Candidate modules for hot reload:
[2025.08.25-11.24.49:978][804]  workdemo
[2025.08.25-11.24.49:978][804]Launching UnrealBuildTool... [F:/epic/UE_4.27/Engine/Binaries/DotNET/UnrealBuildTool.exe  -ModuleWithSuffix=workdemo,6413 workdemoEditor Win64 Development -Project="E:/programs/UE4_learn/workdemo/workdemo.uproject" "E:/programs/UE4_learn/workdemo/workdemo.uproject"  -IgnoreJunk]
[2025.08.25-11.24.49:988][804]Warning: Starting HotReload took  0.0s.
[2025.08.25-11.24.55:468][117]CompilerResultsLog: New page: Compilation - 2025年8月26日 上午3:24:55
[2025.08.25-11.24.55:468][117]CompilerResultsLog: Using 'git status' to determine working set for adaptive non-unity build (E:\programs\UE4_learn\workdemo).
[2025.08.25-11.24.55:468][117]CompilerResultsLog: Parsing headers for workdemoEditor
[2025.08.25-11.24.55:468][117]CompilerResultsLog:   Running UnrealHeaderTool "E:\programs\UE4_learn\workdemo\workdemo.uproject" "E:\programs\UE4_learn\workdemo\Intermediate\Build\Win64\workdemoEditor\Development\workdemoEditor.uhtmanifest" -LogCmds="loginit warning, logexit warning, logdatabase error" -Unattended -WarningsAsErrors -abslog="C:\Users\XiDeao\AppData\Local\UnrealBuildTool\Log_UHT.txt" -installed
[2025.08.25-11.24.55:468][117]CompilerResultsLog: LogInit: Display: Loading text-based GConfig....
[2025.08.25-11.24.55:468][117]CompilerResultsLog: Reflection code generated for workdemoEditor in 3.3149411 seconds
[2025.08.25-11.24.55:468][117]CompilerResultsLog: Building workdemoEditor...
[2025.08.25-11.24.55:468][117]CompilerResultsLog: Using Visual Studio 2022 14.44.35215 toolchain (D:\software\gamedev\VC\Tools\MSVC\14.44.35207) and Windows 10.0.26100.0 SDK (C:\Program Files (x86)\Windows Kits\10).
[2025.08.25-11.24.55:468][117]CompilerResultsLog: Building 7 actions with 20 processes...
[2025.08.25-11.24.55:468][117]CompilerResultsLog:   [1/7] workdemoGameModeBase.cpp
[2025.08.25-11.24.55:468][117]CompilerResultsLog:   [2/7] CharacterPlayerBase.cpp
[2025.08.25-11.24.55:468][117]CompilerResultsLog:   [3/7] CharacterPlayerBase.gen.cpp
[2025.08.25-11.24.55:468][117]CompilerResultsLog:   [4/7] workdemoGameModeBase.gen.cpp
[2025.08.25-11.24.55:468][117]CompilerResultsLog:   [5/7] UE4Editor-workdemo-6413.lib
[2025.08.25-11.24.55:468][117]CompilerResultsLog:     ???ڴ????? E:\programs\UE4_learn\workdemo\Intermediate\Build\Win64\UE4Editor\Development\workdemo\UE4Editor-workdemo-6413.lib ?Ͷ??? E:\programs\UE4_learn\workdemo\Intermediate\Build\Win64\UE4Editor\Development\workdemo\UE4Editor-workdemo-6413.exp
[2025.08.25-11.24.55:468][117]CompilerResultsLog:   [6/7] UE4Editor-workdemo-6413.dll
[2025.08.25-11.24.55:468][117]CompilerResultsLog:     ???ڴ????? E:\programs\UE4_learn\workdemo\Intermediate\Build\Win64\UE4Editor\Development\workdemo\UE4Editor-workdemo-6413.suppressed.lib ?Ͷ??? E:\programs\UE4_learn\workdemo\Intermediate\Build\Win64\UE4Editor\Development\workdemo\UE4Editor-workdemo-6413.suppressed.exp
[2025.08.25-11.24.55:468][117]CompilerResultsLog:   [7/7] workdemoEditor.target
[2025.08.25-11.24.55:468][117]CompilerResultsLog: Total time in Parallel executor: 1.47 seconds
[2025.08.25-11.24.55:468][117]CompilerResultsLog: Total execution time: 5.39 seconds
[2025.08.25-11.24.55:468][117]LogMainFrame: MainFrame: Module compiling took 5.494 seconds
[2025.08.25-11.24.55:483][117]LogHotReload: Re-instancing CharacterPlayerBase after hot-reload.
[2025.08.25-11.24.55:516][117]LogNativeClassHierarchy: Verbose: Native class hierarchy updated for 'workdemo' in 0.0002 seconds. Added 3 classes and 2 folders.
[2025.08.25-11.24.55:520][117]Display: HotReload successful (10 functions remapped  0 scriptstructs remapped)
[2025.08.25-11.24.55:599][117]LogNativeClassHierarchy: Verbose: Native class hierarchy populated in 0.0074 seconds. Added 3882 classes and 945 folders.
[2025.08.25-11.24.55:599][117]Display: HotReload took  5.6s.
[2025.08.25-11.24.57:092][195]LogTemp: Repeating last play command: Selected Viewport
[2025.08.25-11.24.57:098][195]LogPlayLevel: PlayLevel: No blueprints needed recompiling
[2025.08.25-11.24.57:098][195]PIE: New page: PIE session: M_Debug (2025年8月26日 上午3:24:57)
[2025.08.25-11.24.57:098][195]LogPlayLevel: Creating play world package: /Game/Maps/UEDPIE_0_M_Debug
[2025.08.25-11.24.57:100][195]LogPlayLevel: PIE: StaticDuplicateObject took: (0.002079s)
[2025.08.25-11.24.57:101][195]LogAIModule: Creating AISystem for world M_Debug
[2025.08.25-11.24.57:101][195]LogPlayLevel: PIE: World Init took: (0.000776s)
[2025.08.25-11.24.57:101][195]LogPlayLevel: PIE: Created PIE world by copying editor world from /Game/Maps/M_Debug.M_Debug to /Game/Maps/UEDPIE_0_M_Debug.M_Debug (0.002934s)
[2025.08.25-11.24.57:158][195]LogUObjectHash: Compacting FUObjectHashTables data took   2.61ms
[2025.08.25-11.24.57:159][195]LogAudio: Display: Creating Audio Device:                 Id: 4, Scope: Unique, Realtime: True
[2025.08.25-11.24.57:159][195]LogAudioMixer: Display: Audio Mixer Platform Settings:
[2025.08.25-11.24.57:159][195]LogAudioMixer: Display: 	Sample Rate:						  48000
[2025.08.25-11.24.57:159][195]LogAudioMixer: Display: 	Callback Buffer Frame Size Requested: 1024
[2025.08.25-11.24.57:159][195]LogAudioMixer: Display: 	Callback Buffer Frame Size To Use:	  1024
[2025.08.25-11.24.57:159][195]LogAudioMixer: Display: 	Number of buffers to queue:			  2
[2025.08.25-11.24.57:159][195]LogAudioMixer: Display: 	Max Channels (voices):				  32
[2025.08.25-11.24.57:159][195]LogAudioMixer: Display: 	Number of Async Source Workers:		  0
[2025.08.25-11.24.57:159][195]LogAudio: Display: AudioDevice MaxSources: 32
[2025.08.25-11.24.57:159][195]LogAudio: Display: Audio Spatialization Plugin: None (built-in).
[2025.08.25-11.24.57:159][195]LogAudio: Display: Audio Reverb Plugin: None (built-in).
[2025.08.25-11.24.57:159][195]LogAudio: Display: Audio Occlusion Plugin: None (built-in).
[2025.08.25-11.24.57:159][195]LogAudioMixer: Display: Initializing audio mixer.
[2025.08.25-11.24.57:163][195]LogAudioMixer: Display: 0: FrontLeft
[2025.08.25-11.24.57:163][195]LogAudioMixer: Display: 1: FrontRight
[2025.08.25-11.24.57:256][195]LogAudioMixer: Display: Using Audio Device 扬声器 (Realtek(R) Audio)
[2025.08.25-11.24.57:256][195]LogAudioMixer: Display: Initializing Sound Submixes...
[2025.08.25-11.24.57:256][195]LogAudioMixer: Display: Creating Master Submix 'MasterSubmixDefault'
[2025.08.25-11.24.57:256][195]LogAudioMixer: Display: Creating Master Submix 'MasterReverbSubmixDefault'
[2025.08.25-11.24.57:257][195]LogAudioMixer: Display: Creating Master Submix 'MasterEQSubmixDefault'
[2025.08.25-11.24.57:257][195]LogAudioMixer: FMixerPlatformXAudio2::StartAudioStream() called
[2025.08.25-11.24.57:257][195]LogAudioMixer: Display: Output buffers initialized: Frames=1024, Channels=2, Samples=2048
[2025.08.25-11.24.57:258][195]LogAudioMixer: Display: Starting AudioMixerPlatformInterface::RunInternal()
[2025.08.25-11.24.57:258][195]LogAudioMixer: Display: FMixerPlatformXAudio2::SubmitBuffer() called for the first time
[2025.08.25-11.24.57:258][195]LogInit: FAudioDevice initialized.
[2025.08.25-11.24.57:258][195]LogAudio: Display: Audio Device (ID: 4) registered with world 'M_Debug'.
[2025.08.25-11.24.57:267][195]LogLoad: Game class is 'GM_workdemoGameModeBase_C'
[2025.08.25-11.24.57:268][195]LogWorld: Bringing World /Game/Maps/UEDPIE_0_M_Debug.M_Debug up for play (max tick rate 60) at 2025.08.25-19.24.57
[2025.08.25-11.24.57:268][195]LogWorld: Bringing up level for play took: 0.000472
[2025.08.25-11.24.57:268][195]LogOnline: OSS: Creating online subsystem instance for: :Context_9
[2025.08.25-11.24.57:270][195]PIE: Server logged in
[2025.08.25-11.24.57:271][195]PIE: Play in editor total start time 0.174 seconds.
[2025.08.25-11.25.04:470][625]LogSlate: Updating window title bar state: overlay mode, drag disabled, window buttons hidden, title bar hidden
[2025.08.25-11.25.04:470][625]LogWorld: BeginTearingDown for /Game/Maps/UEDPIE_0_M_Debug
[2025.08.25-11.25.04:470][625]LogWorld: UWorld::CleanupWorld for M_Debug, bSessionEnded=true, bCleanupResources=true
[2025.08.25-11.25.04:470][625]LogSlate: InvalidateAllWidgets triggered.  All widgets were invalidated
[2025.08.25-11.25.04:476][625]LogPlayLevel: Display: Shutting down PIE online subsystems
[2025.08.25-11.25.04:479][625]LogSlate: InvalidateAllWidgets triggered.  All widgets were invalidated
[2025.08.25-11.25.04:495][625]LogAudio: Display: Audio Device unregistered from world 'None'.
[2025.08.25-11.25.04:495][625]LogAudioMixer: FMixerPlatformXAudio2::StopAudioStream() called
[2025.08.25-11.25.04:497][625]LogAudioMixer: FMixerPlatformXAudio2::StopAudioStream() called
[2025.08.25-11.25.04:497][625]LogSlate: Updating window title bar state: overlay mode, drag disabled, window buttons hidden, title bar hidden
[2025.08.25-11.25.04:504][625]LogUObjectHash: Compacting FUObjectHashTables data took   2.00ms
[2025.08.25-11.25.04:548][627]LogPlayLevel: Display: Destroying online subsystem :Context_9
[2025.08.25-11.25.07:397][795]LogAssetEditorSubsystem: Opening Asset editor for PaperZDAnimBP /Game/BluePrints/Characters/Player/ABP_CaptainClass.ABP_CaptainClass
[2025.08.25-11.25.07:678][795]LogSlate: Took 0.000588 seconds to synchronously load lazily loaded font '../../../Engine/Content/Slate/Fonts/DroidSansMono.ttf' (77K)
[2025.08.25-11.25.14:161][177]BlueprintLog: New page: Compile ABP_CaptainClass
[2025.08.25-11.25.14:165][177]LogBlueprint: Error: [AssetLog] E:\programs\UE4_learn\workdemo\Content\BluePrints\Characters\Player\ABP_CaptainClass.uasset: [Compiler] Can't connect pins  Character  and  As BP Character Player Base 1 : Object Reference is not compatible with BP Character Player Base 1 Object Reference.
[2025.08.25-11.25.14:165][177]LogBlueprint: Error: [AssetLog] E:\programs\UE4_learn\workdemo\Content\BluePrints\Characters\Player\ABP_CaptainClass.uasset: [Compiler] Can't connect pins  As BP Character Player Base 1  and  Character : BP Character Player Base 1 Object Reference is not compatible with Object Reference.
[2025.08.25-11.25.14:166][177]LogBlueprint: Error: [AssetLog] E:\programs\UE4_learn\workdemo\Content\BluePrints\Characters\Player\ABP_CaptainClass.uasset: [Compiler] Can't connect pins  Target  and  Character : Actor Object Reference is not compatible with Object Reference.
[2025.08.25-11.25.14:166][177]LogBlueprint: Error: [AssetLog] E:\programs\UE4_learn\workdemo\Content\BluePrints\Characters\Player\ABP_CaptainClass.uasset: [Compiler] Can't connect pins  Character  and  Target : Object Reference is not compatible with Actor Object Reference.
[2025.08.25-11.25.14:166][177]LogBlueprint: Error: [AssetLog] E:\programs\UE4_learn\workdemo\Content\BluePrints\Characters\Player\ABP_CaptainClass.uasset: [Compiler] Can't connect pins  Target  and  Character : Actor Object Reference is not compatible with Object Reference.
[2025.08.25-11.25.14:166][177]LogBlueprint: Error: [AssetLog] E:\programs\UE4_learn\workdemo\Content\BluePrints\Characters\Player\ABP_CaptainClass.uasset: [Compiler] Can't connect pins  Character  and  Target : Object Reference is not compatible with Actor Object Reference.
[2025.08.25-11.25.14:167][177]LogBlueprint: Error: [AssetLog] E:\programs\UE4_learn\workdemo\Content\BluePrints\Characters\Player\ABP_CaptainClass.uasset: [Compiler] Can't connect pins  Character  and  As BP Character Player Base 1 : Object Reference is not compatible with BP Character Player Base 1 Object Reference.
[2025.08.25-11.25.14:167][177]LogBlueprint: Error: [AssetLog] E:\programs\UE4_learn\workdemo\Content\BluePrints\Characters\Player\ABP_CaptainClass.uasset: [Compiler] Can't connect pins  As BP Character Player Base 1  and  Character : BP Character Player Base 1 Object Reference is not compatible with Object Reference.
[2025.08.25-11.25.14:167][177]LogBlueprint: Error: [AssetLog] E:\programs\UE4_learn\workdemo\Content\BluePrints\Characters\Player\ABP_CaptainClass.uasset: [Compiler] Can't connect pins  Target  and  Character : Actor Object Reference is not compatible with Object Reference.
[2025.08.25-11.25.14:167][177]LogBlueprint: Error: [AssetLog] E:\programs\UE4_learn\workdemo\Content\BluePrints\Characters\Player\ABP_CaptainClass.uasset: [Compiler] Can't connect pins  Character  and  Target : Object Reference is not compatible with Actor Object Reference.
[2025.08.25-11.25.14:168][177]LogBlueprint: Error: [AssetLog] E:\programs\UE4_learn\workdemo\Content\BluePrints\Characters\Player\ABP_CaptainClass.uasset: [Compiler] Can't connect pins  Target  and  Character : Actor Object Reference is not compatible with Object Reference.
[2025.08.25-11.25.14:169][177]LogBlueprint: Error: [AssetLog] E:\programs\UE4_learn\workdemo\Content\BluePrints\Characters\Player\ABP_CaptainClass.uasset: [Compiler] Can't connect pins  Character  and  Target : Object Reference is not compatible with Actor Object Reference.
[2025.08.25-11.25.14:169][177]LogBlueprint: Error: [AssetLog] E:\programs\UE4_learn\workdemo\Content\BluePrints\Characters\Player\ABP_CaptainClass.uasset: [Compiler] Failed to find class for pin  Character
[2025.08.25-11.25.14:194][177]LogUObjectHash: Compacting FUObjectHashTables data took   2.59ms
[2025.08.25-11.25.18:941][454]LogSlate: Took 0.000734 seconds to synchronously load lazily loaded font '../../../Engine/Content/Slate/Fonts/Roboto-BoldCondensedItalic.ttf' (160K)
[2025.08.25-11.25.28:810][877]LogSlate: Window 'Change Variable Type' being destroyed
[2025.08.25-11.25.30:697][985]LogSlate: Window 'Find in Blueprints' being destroyed
[2025.08.25-11.25.30:703][985]LogSlate: Window 'Find in Blueprints' being destroyed
[2025.08.25-11.25.31:431][ 27]Cmd: OBJ SAVEPACKAGE PACKAGE="/Game/BluePrints/Characters/Player/ABP_CaptainClass" FILE="E:/programs/UE4_learn/workdemo/Content/BluePrints/Characters/Player/ABP_CaptainClass.uasset" SILENT=true
[2025.08.25-11.25.31:452][ 27]LogSavePackage: Moving 'E:/programs/UE4_learn/workdemo/Saved/ABP_CaptainClass29D02F4A4A0EC968F875949F9DDEAC6A.tmp' to 'E:/programs/UE4_learn/workdemo/Content/BluePrints/Characters/Player/ABP_CaptainClass.uasset'
[2025.08.25-11.25.31:469][ 27]AssetCheck: New page: Asset Save: ABP_CaptainClass
[2025.08.25-11.25.31:469][ 27]LogContentValidation: Display: Validating PaperZDAnimBP /Game/BluePrints/Characters/Player/ABP_CaptainClass.ABP_CaptainClass
[2025.08.25-11.25.36:864][350]Cmd: OBJ SAVEPACKAGE PACKAGE="/Game/BluePrints/Characters/Player/ABP_CaptainClass" FILE="E:/programs/UE4_learn/workdemo/Content/BluePrints/Characters/Player/ABP_CaptainClass.uasset" SILENT=true
[2025.08.25-11.25.36:885][350]LogSavePackage: Moving 'E:/programs/UE4_learn/workdemo/Saved/ABP_CaptainClass5E7F9B494C459D739562D7B2E383A2CB.tmp' to 'E:/programs/UE4_learn/workdemo/Content/BluePrints/Characters/Player/ABP_CaptainClass.uasset'
[2025.08.25-11.25.36:897][350]AssetCheck: New page: Asset Save: ABP_CaptainClass
[2025.08.25-11.25.36:897][350]LogContentValidation: Display: Validating PaperZDAnimBP /Game/BluePrints/Characters/Player/ABP_CaptainClass.ABP_CaptainClass
[2025.08.25-11.25.38:758][462]BlueprintLog: New page: Compile ABP_CaptainClass
[2025.08.25-11.25.38:762][462]LogBlueprint: Error: [AssetLog] E:\programs\UE4_learn\workdemo\Content\BluePrints\Characters\Player\ABP_CaptainClass.uasset: [Compiler] In use pin  Character  no longer exists on node  Get . Please refresh node or break links to remove pin.
[2025.08.25-11.25.38:763][462]LogBlueprint: Error: [AssetLog] E:\programs\UE4_learn\workdemo\Content\BluePrints\Characters\Player\ABP_CaptainClass.uasset: [Compiler] In use pin  Character  no longer exists on node  Get . Please refresh node or break links to remove pin.
[2025.08.25-11.25.38:764][462]LogBlueprint: Error: [AssetLog] E:\programs\UE4_learn\workdemo\Content\BluePrints\Characters\Player\ABP_CaptainClass.uasset: [Compiler] In use pin  Character  no longer exists on node  Get . Please refresh node or break links to remove pin.
[2025.08.25-11.25.38:764][462]LogBlueprint: Error: [AssetLog] E:\programs\UE4_learn\workdemo\Content\BluePrints\Characters\Player\ABP_CaptainClass.uasset: [Compiler] In use pin  Character  no longer exists on node  Get . Please refresh node or break links to remove pin.
[2025.08.25-11.25.38:786][462]LogUObjectHash: Compacting FUObjectHashTables data took   2.40ms
[2025.08.25-11.25.45:928][882]BlueprintLog: New page: Compile ABP_CaptainClass
[2025.08.25-11.25.45:955][882]LogUObjectHash: Compacting FUObjectHashTables data took   2.33ms
[2025.08.25-11.25.47:168][954]BlueprintLog: New page: Compile ABP_CaptainClass
[2025.08.25-11.25.47:195][954]LogUObjectHash: Compacting FUObjectHashTables data took   2.35ms
[2025.08.25-11.25.47:998][  1]Cmd: OBJ SAVEPACKAGE PACKAGE="/Game/BluePrints/Characters/Player/ABP_CaptainClass" FILE="E:/programs/UE4_learn/workdemo/Content/BluePrints/Characters/Player/ABP_CaptainClass.uasset" SILENT=true
[2025.08.25-11.25.48:019][  1]LogSavePackage: Moving 'E:/programs/UE4_learn/workdemo/Saved/ABP_CaptainClass3FC91AA4487CC1FB61CAC79625012779.tmp' to 'E:/programs/UE4_learn/workdemo/Content/BluePrints/Characters/Player/ABP_CaptainClass.uasset'
[2025.08.25-11.25.48:030][  1]AssetCheck: New page: Asset Save: ABP_CaptainClass
[2025.08.25-11.25.48:031][  1]LogContentValidation: Display: Validating PaperZDAnimBP /Game/BluePrints/Characters/Player/ABP_CaptainClass.ABP_CaptainClass
[2025.08.25-11.25.49:598][ 94]Cmd: OBJ SAVEPACKAGE PACKAGE="/Game/BluePrints/Characters/Player/ABP_CaptainClass" FILE="E:/programs/UE4_learn/workdemo/Content/BluePrints/Characters/Player/ABP_CaptainClass.uasset" SILENT=true
[2025.08.25-11.25.49:620][ 94]LogSavePackage: Moving 'E:/programs/UE4_learn/workdemo/Saved/ABP_CaptainClassA2450F8B4DD4D6B1236C289DCC13F38B.tmp' to 'E:/programs/UE4_learn/workdemo/Content/BluePrints/Characters/Player/ABP_CaptainClass.uasset'
[2025.08.25-11.25.49:632][ 94]AssetCheck: New page: Asset Save: ABP_CaptainClass
[2025.08.25-11.25.49:632][ 94]LogContentValidation: Display: Validating PaperZDAnimBP /Game/BluePrints/Characters/Player/ABP_CaptainClass.ABP_CaptainClass
[2025.08.25-11.25.50:945][171]LogTemp: Repeating last play command: Selected Viewport
[2025.08.25-11.25.50:951][171]LogPlayLevel: PlayLevel: No blueprints needed recompiling
[2025.08.25-11.25.50:951][171]PIE: New page: PIE session: M_Debug (2025年8月26日 上午3:25:50)
[2025.08.25-11.25.50:951][171]LogPlayLevel: Creating play world package: /Game/Maps/UEDPIE_0_M_Debug
[2025.08.25-11.25.50:952][171]LogPlayLevel: PIE: StaticDuplicateObject took: (0.001544s)
[2025.08.25-11.25.50:953][171]LogAIModule: Creating AISystem for world M_Debug
[2025.08.25-11.25.50:953][171]LogPlayLevel: PIE: World Init took: (0.000788s)
[2025.08.25-11.25.50:953][171]LogPlayLevel: PIE: Created PIE world by copying editor world from /Game/Maps/M_Debug.M_Debug to /Game/Maps/UEDPIE_0_M_Debug.M_Debug (0.002415s)
[2025.08.25-11.25.50:973][171]LogUObjectHash: Compacting FUObjectHashTables data took   1.99ms
[2025.08.25-11.25.50:975][171]LogAudio: Display: Creating Audio Device:                 Id: 5, Scope: Unique, Realtime: True
[2025.08.25-11.25.50:975][171]LogAudioMixer: Display: Audio Mixer Platform Settings:
[2025.08.25-11.25.50:975][171]LogAudioMixer: Display: 	Sample Rate:						  48000
[2025.08.25-11.25.50:975][171]LogAudioMixer: Display: 	Callback Buffer Frame Size Requested: 1024
[2025.08.25-11.25.50:975][171]LogAudioMixer: Display: 	Callback Buffer Frame Size To Use:	  1024
[2025.08.25-11.25.50:975][171]LogAudioMixer: Display: 	Number of buffers to queue:			  2
[2025.08.25-11.25.50:975][171]LogAudioMixer: Display: 	Max Channels (voices):				  32
[2025.08.25-11.25.50:975][171]LogAudioMixer: Display: 	Number of Async Source Workers:		  0
[2025.08.25-11.25.50:975][171]LogAudio: Display: AudioDevice MaxSources: 32
[2025.08.25-11.25.50:975][171]LogAudio: Display: Audio Spatialization Plugin: None (built-in).
[2025.08.25-11.25.50:975][171]LogAudio: Display: Audio Reverb Plugin: None (built-in).
[2025.08.25-11.25.50:975][171]LogAudio: Display: Audio Occlusion Plugin: None (built-in).
[2025.08.25-11.25.50:975][171]LogAudioMixer: Display: Initializing audio mixer.
[2025.08.25-11.25.50:979][171]LogAudioMixer: Display: 0: FrontLeft
[2025.08.25-11.25.50:979][171]LogAudioMixer: Display: 1: FrontRight
[2025.08.25-11.25.51:069][171]LogAudioMixer: Display: Using Audio Device 扬声器 (Realtek(R) Audio)
[2025.08.25-11.25.51:069][171]LogAudioMixer: Display: Initializing Sound Submixes...
[2025.08.25-11.25.51:069][171]LogAudioMixer: Display: Creating Master Submix 'MasterSubmixDefault'
[2025.08.25-11.25.51:069][171]LogAudioMixer: Display: Creating Master Submix 'MasterReverbSubmixDefault'
[2025.08.25-11.25.51:070][171]LogAudioMixer: Display: Creating Master Submix 'MasterEQSubmixDefault'
[2025.08.25-11.25.51:070][171]LogAudioMixer: FMixerPlatformXAudio2::StartAudioStream() called
[2025.08.25-11.25.51:070][171]LogAudioMixer: Display: Output buffers initialized: Frames=1024, Channels=2, Samples=2048
[2025.08.25-11.25.51:070][171]LogAudioMixer: Display: Starting AudioMixerPlatformInterface::RunInternal()
[2025.08.25-11.25.51:070][171]LogAudioMixer: Display: FMixerPlatformXAudio2::SubmitBuffer() called for the first time
[2025.08.25-11.25.51:070][171]LogInit: FAudioDevice initialized.
[2025.08.25-11.25.51:070][171]LogAudio: Display: Audio Device (ID: 5) registered with world 'M_Debug'.
[2025.08.25-11.25.51:075][171]LogLoad: Game class is 'GM_workdemoGameModeBase_C'
[2025.08.25-11.25.51:076][171]LogWorld: Bringing World /Game/Maps/UEDPIE_0_M_Debug.M_Debug up for play (max tick rate 60) at 2025.08.25-19.25.51
[2025.08.25-11.25.51:076][171]LogWorld: Bringing up level for play took: 0.000468
[2025.08.25-11.25.51:076][171]LogOnline: OSS: Creating online subsystem instance for: :Context_11
[2025.08.25-11.25.51:080][171]PIE: Server logged in
[2025.08.25-11.25.51:080][171]PIE: Play in editor total start time 0.131 seconds.
[2025.08.25-11.25.57:821][573]LogSlate: Updating window title bar state: overlay mode, drag disabled, window buttons hidden, title bar hidden
[2025.08.25-11.25.57:821][573]LogWorld: BeginTearingDown for /Game/Maps/UEDPIE_0_M_Debug
[2025.08.25-11.25.57:821][573]LogWorld: UWorld::CleanupWorld for M_Debug, bSessionEnded=true, bCleanupResources=true
[2025.08.25-11.25.57:821][573]LogSlate: InvalidateAllWidgets triggered.  All widgets were invalidated
[2025.08.25-11.25.57:830][573]LogPlayLevel: Display: Shutting down PIE online subsystems
[2025.08.25-11.25.57:833][573]LogSlate: InvalidateAllWidgets triggered.  All widgets were invalidated
[2025.08.25-11.25.57:851][573]LogAudio: Display: Audio Device unregistered from world 'None'.
[2025.08.25-11.25.57:851][573]LogAudioMixer: FMixerPlatformXAudio2::StopAudioStream() called
[2025.08.25-11.25.57:852][573]LogAudioMixer: FMixerPlatformXAudio2::StopAudioStream() called
[2025.08.25-11.25.57:854][573]LogSlate: Updating window title bar state: overlay mode, drag disabled, window buttons hidden, title bar hidden
[2025.08.25-11.25.57:856][573]LogUObjectHash: Compacting FUObjectHashTables data took   2.24ms
[2025.08.25-11.25.57:877][574]LogPlayLevel: Display: Destroying online subsystem :Context_11
[2025.08.25-11.26.29:147][433]Cmd: OBJ SAVEPACKAGE PACKAGE="/Game/BluePrints/Characters/Player/ABP_CaptainClass" FILE="E:/programs/UE4_learn/workdemo/Content/BluePrints/Characters/Player/ABP_CaptainClass.uasset" SILENT=true
[2025.08.25-11.26.29:176][433]LogSavePackage: Moving 'E:/programs/UE4_learn/workdemo/Saved/ABP_CaptainClass54B414C54C5886BF040BD5B9FFFE23E7.tmp' to 'E:/programs/UE4_learn/workdemo/Content/BluePrints/Characters/Player/ABP_CaptainClass.uasset'
[2025.08.25-11.26.29:190][433]AssetCheck: New page: Asset Save: ABP_CaptainClass
[2025.08.25-11.26.29:190][433]LogContentValidation: Display: Validating PaperZDAnimBP /Game/BluePrints/Characters/Player/ABP_CaptainClass.ABP_CaptainClass
[2025.08.25-11.26.34:515][749]Cmd: OBJ SAVEPACKAGE PACKAGE="/Game/BluePrints/Characters/Player/ABP_CaptainClass" FILE="E:/programs/UE4_learn/workdemo/Content/BluePrints/Characters/Player/ABP_CaptainClass.uasset" SILENT=true
[2025.08.25-11.26.34:543][749]LogSavePackage: Moving 'E:/programs/UE4_learn/workdemo/Saved/ABP_CaptainClass8B3B931744420E028D12B68E5C3341EE.tmp' to 'E:/programs/UE4_learn/workdemo/Content/BluePrints/Characters/Player/ABP_CaptainClass.uasset'
[2025.08.25-11.26.34:554][749]AssetCheck: New page: Asset Save: ABP_CaptainClass
[2025.08.25-11.26.34:554][749]LogContentValidation: Display: Validating PaperZDAnimBP /Game/BluePrints/Characters/Player/ABP_CaptainClass.ABP_CaptainClass
[2025.08.25-11.26.39:401][ 31]Cmd: OBJ SAVEPACKAGE PACKAGE="/Game/BluePrints/Characters/Player/ABP_CaptainClass" FILE="E:/programs/UE4_learn/workdemo/Content/BluePrints/Characters/Player/ABP_CaptainClass.uasset" SILENT=true
[2025.08.25-11.26.39:430][ 31]LogSavePackage: Moving 'E:/programs/UE4_learn/workdemo/Saved/ABP_CaptainClassFB65F5FA4283BB174C9DE6BA1AB7ECF2.tmp' to 'E:/programs/UE4_learn/workdemo/Content/BluePrints/Characters/Player/ABP_CaptainClass.uasset'
[2025.08.25-11.26.39:445][ 31]AssetCheck: New page: Asset Save: ABP_CaptainClass
[2025.08.25-11.26.39:445][ 31]LogContentValidation: Display: Validating PaperZDAnimBP /Game/BluePrints/Characters/Player/ABP_CaptainClass.ABP_CaptainClass
[2025.08.25-11.26.44:580][331]Cmd: OBJ SAVEPACKAGE PACKAGE="/Game/BluePrints/Characters/Player/ABP_CaptainClass" FILE="E:/programs/UE4_learn/workdemo/Content/BluePrints/Characters/Player/ABP_CaptainClass.uasset" SILENT=true
[2025.08.25-11.26.44:609][331]LogSavePackage: Moving 'E:/programs/UE4_learn/workdemo/Saved/ABP_CaptainClass9EAA11EB41689F46ECA1CAB48770B62E.tmp' to 'E:/programs/UE4_learn/workdemo/Content/BluePrints/Characters/Player/ABP_CaptainClass.uasset'
[2025.08.25-11.26.44:624][331]AssetCheck: New page: Asset Save: ABP_CaptainClass
[2025.08.25-11.26.44:625][331]LogContentValidation: Display: Validating PaperZDAnimBP /Game/BluePrints/Characters/Player/ABP_CaptainClass.ABP_CaptainClass
[2025.08.25-11.26.51:430][732]Cmd: OBJ SAVEPACKAGE PACKAGE="/Game/BluePrints/Characters/Player/ABP_CaptainClass" FILE="E:/programs/UE4_learn/workdemo/Content/BluePrints/Characters/Player/ABP_CaptainClass.uasset" SILENT=true
[2025.08.25-11.26.51:458][732]LogSavePackage: Moving 'E:/programs/UE4_learn/workdemo/Saved/ABP_CaptainClass360D4C664C966071D2100A89EF418FC5.tmp' to 'E:/programs/UE4_learn/workdemo/Content/BluePrints/Characters/Player/ABP_CaptainClass.uasset'
[2025.08.25-11.26.51:470][732]AssetCheck: New page: Asset Save: ABP_CaptainClass
[2025.08.25-11.26.51:470][732]LogContentValidation: Display: Validating PaperZDAnimBP /Game/BluePrints/Characters/Player/ABP_CaptainClass.ABP_CaptainClass
[2025.08.25-11.27.00:065][242]Cmd: OBJ SAVEPACKAGE PACKAGE="/Game/BluePrints/Characters/Player/ABP_CaptainClass" FILE="E:/programs/UE4_learn/workdemo/Content/BluePrints/Characters/Player/ABP_CaptainClass.uasset" SILENT=true
[2025.08.25-11.27.00:093][242]LogSavePackage: Moving 'E:/programs/UE4_learn/workdemo/Saved/ABP_CaptainClass49FA500045CF43D156C53182691A71EF.tmp' to 'E:/programs/UE4_learn/workdemo/Content/BluePrints/Characters/Player/ABP_CaptainClass.uasset'
[2025.08.25-11.27.00:108][242]AssetCheck: New page: Asset Save: ABP_CaptainClass
[2025.08.25-11.27.00:108][242]LogContentValidation: Display: Validating PaperZDAnimBP /Game/BluePrints/Characters/Player/ABP_CaptainClass.ABP_CaptainClass
[2025.08.25-11.27.00:912][290]BlueprintLog: New page: Compile ABP_CaptainClass
[2025.08.25-11.27.00:917][290]LogBlueprint: Error: [AssetLog] E:\programs\UE4_learn\workdemo\Content\BluePrints\Characters\Player\ABP_CaptainClass.uasset: [Compiler] In use pin  Character  no longer exists on node  Get . Please refresh node or break links to remove pin.
[2025.08.25-11.27.00:918][290]LogBlueprint: Error: [AssetLog] E:\programs\UE4_learn\workdemo\Content\BluePrints\Characters\Player\ABP_CaptainClass.uasset: [Compiler] In use pin  Character  no longer exists on node  Get . Please refresh node or break links to remove pin.
[2025.08.25-11.27.00:918][290]LogBlueprint: Error: [AssetLog] E:\programs\UE4_learn\workdemo\Content\BluePrints\Characters\Player\ABP_CaptainClass.uasset: [Compiler] In use pin  Character  no longer exists on node  Get . Please refresh node or break links to remove pin.
[2025.08.25-11.27.00:920][290]LogBlueprint: Error: [AssetLog] E:\programs\UE4_learn\workdemo\Content\BluePrints\Characters\Player\ABP_CaptainClass.uasset: [Compiler] In use pin  Character  no longer exists on node  Get . Please refresh node or break links to remove pin.
[2025.08.25-11.27.00:945][290]LogUObjectHash: Compacting FUObjectHashTables data took   2.67ms
[2025.08.25-11.27.01:249][307]Cmd: OBJ SAVEPACKAGE PACKAGE="/Game/BluePrints/Characters/Player/ABP_CaptainClass" FILE="E:/programs/UE4_learn/workdemo/Content/BluePrints/Characters/Player/ABP_CaptainClass.uasset" SILENT=true
[2025.08.25-11.27.01:275][307]LogSavePackage: Moving 'E:/programs/UE4_learn/workdemo/Saved/ABP_CaptainClassA59AA2B2478C0B077BD2EBA612283CA4.tmp' to 'E:/programs/UE4_learn/workdemo/Content/BluePrints/Characters/Player/ABP_CaptainClass.uasset'
[2025.08.25-11.27.01:293][307]AssetCheck: New page: Asset Save: ABP_CaptainClass
[2025.08.25-11.27.01:293][307]LogContentValidation: Display: Validating PaperZDAnimBP /Game/BluePrints/Characters/Player/ABP_CaptainClass.ABP_CaptainClass
[2025.08.25-11.27.11:597][920]Cmd: OBJ SAVEPACKAGE PACKAGE="/Game/BluePrints/Characters/Player/ABP_CaptainClass" FILE="E:/programs/UE4_learn/workdemo/Content/BluePrints/Characters/Player/ABP_CaptainClass.uasset" SILENT=true
[2025.08.25-11.27.11:625][920]LogSavePackage: Moving 'E:/programs/UE4_learn/workdemo/Saved/ABP_CaptainClass32B2D6984E09ED6D9AE0B18D43BA953D.tmp' to 'E:/programs/UE4_learn/workdemo/Content/BluePrints/Characters/Player/ABP_CaptainClass.uasset'
[2025.08.25-11.27.11:640][920]AssetCheck: New page: Asset Save: ABP_CaptainClass
[2025.08.25-11.27.11:640][920]LogContentValidation: Display: Validating PaperZDAnimBP /Game/BluePrints/Characters/Player/ABP_CaptainClass.ABP_CaptainClass
[2025.08.25-11.27.12:127][950]BlueprintLog: New page: Compile ABP_CaptainClass
[2025.08.25-11.27.12:159][950]LogUObjectHash: Compacting FUObjectHashTables data took   2.37ms
[2025.08.25-11.27.13:013][  0]Cmd: OBJ SAVEPACKAGE PACKAGE="/Game/BluePrints/Characters/Player/ABP_CaptainClass" FILE="E:/programs/UE4_learn/workdemo/Content/BluePrints/Characters/Player/ABP_CaptainClass.uasset" SILENT=true
[2025.08.25-11.27.13:041][  0]LogSavePackage: Moving 'E:/programs/UE4_learn/workdemo/Saved/ABP_CaptainClass6171BED74CE90E2E53FC18BE4F4D5BCF.tmp' to 'E:/programs/UE4_learn/workdemo/Content/BluePrints/Characters/Player/ABP_CaptainClass.uasset'
[2025.08.25-11.27.13:053][  0]AssetCheck: New page: Asset Save: ABP_CaptainClass
[2025.08.25-11.27.13:053][  0]LogContentValidation: Display: Validating PaperZDAnimBP /Game/BluePrints/Characters/Player/ABP_CaptainClass.ABP_CaptainClass
[2025.08.25-11.27.14:026][ 59]LogTemp: Repeating last play command: Selected Viewport
[2025.08.25-11.27.14:032][ 59]LogPlayLevel: PlayLevel: No blueprints needed recompiling
[2025.08.25-11.27.14:032][ 59]PIE: New page: PIE session: M_Debug (2025年8月26日 上午3:27:14)
[2025.08.25-11.27.14:032][ 59]LogPlayLevel: Creating play world package: /Game/Maps/UEDPIE_0_M_Debug
[2025.08.25-11.27.14:033][ 59]LogPlayLevel: PIE: StaticDuplicateObject took: (0.001567s)
[2025.08.25-11.27.14:034][ 59]LogAIModule: Creating AISystem for world M_Debug
[2025.08.25-11.27.14:034][ 59]LogPlayLevel: PIE: World Init took: (0.000726s)
[2025.08.25-11.27.14:034][ 59]LogPlayLevel: PIE: Created PIE world by copying editor world from /Game/Maps/M_Debug.M_Debug to /Game/Maps/UEDPIE_0_M_Debug.M_Debug (0.002381s)
[2025.08.25-11.27.14:056][ 59]LogUObjectHash: Compacting FUObjectHashTables data took   2.20ms
[2025.08.25-11.27.14:056][ 59]LogAudio: Display: Creating Audio Device:                 Id: 6, Scope: Unique, Realtime: True
[2025.08.25-11.27.14:056][ 59]LogAudioMixer: Display: Audio Mixer Platform Settings:
[2025.08.25-11.27.14:056][ 59]LogAudioMixer: Display: 	Sample Rate:						  48000
[2025.08.25-11.27.14:056][ 59]LogAudioMixer: Display: 	Callback Buffer Frame Size Requested: 1024
[2025.08.25-11.27.14:056][ 59]LogAudioMixer: Display: 	Callback Buffer Frame Size To Use:	  1024
[2025.08.25-11.27.14:056][ 59]LogAudioMixer: Display: 	Number of buffers to queue:			  2
[2025.08.25-11.27.14:056][ 59]LogAudioMixer: Display: 	Max Channels (voices):				  32
[2025.08.25-11.27.14:056][ 59]LogAudioMixer: Display: 	Number of Async Source Workers:		  0
[2025.08.25-11.27.14:056][ 59]LogAudio: Display: AudioDevice MaxSources: 32
[2025.08.25-11.27.14:056][ 59]LogAudio: Display: Audio Spatialization Plugin: None (built-in).
[2025.08.25-11.27.14:056][ 59]LogAudio: Display: Audio Reverb Plugin: None (built-in).
[2025.08.25-11.27.14:056][ 59]LogAudio: Display: Audio Occlusion Plugin: None (built-in).
[2025.08.25-11.27.14:056][ 59]LogAudioMixer: Display: Initializing audio mixer.
[2025.08.25-11.27.14:061][ 59]LogAudioMixer: Display: 0: FrontLeft
[2025.08.25-11.27.14:061][ 59]LogAudioMixer: Display: 1: FrontRight
[2025.08.25-11.27.14:158][ 59]LogAudioMixer: Display: Using Audio Device 扬声器 (Realtek(R) Audio)
[2025.08.25-11.27.14:158][ 59]LogAudioMixer: Display: Initializing Sound Submixes...
[2025.08.25-11.27.14:158][ 59]LogAudioMixer: Display: Creating Master Submix 'MasterSubmixDefault'
[2025.08.25-11.27.14:158][ 59]LogAudioMixer: Display: Creating Master Submix 'MasterReverbSubmixDefault'
[2025.08.25-11.27.14:159][ 59]LogAudioMixer: Display: Creating Master Submix 'MasterEQSubmixDefault'
[2025.08.25-11.27.14:159][ 59]LogAudioMixer: FMixerPlatformXAudio2::StartAudioStream() called
[2025.08.25-11.27.14:159][ 59]LogAudioMixer: Display: Output buffers initialized: Frames=1024, Channels=2, Samples=2048
[2025.08.25-11.27.14:160][ 59]LogAudioMixer: Display: Starting AudioMixerPlatformInterface::RunInternal()
[2025.08.25-11.27.14:160][ 59]LogAudioMixer: Display: FMixerPlatformXAudio2::SubmitBuffer() called for the first time
[2025.08.25-11.27.14:160][ 59]LogInit: FAudioDevice initialized.
[2025.08.25-11.27.14:160][ 59]LogAudio: Display: Audio Device (ID: 6) registered with world 'M_Debug'.
[2025.08.25-11.27.14:168][ 59]LogLoad: Game class is 'GM_workdemoGameModeBase_C'
[2025.08.25-11.27.14:169][ 59]LogWorld: Bringing World /Game/Maps/UEDPIE_0_M_Debug.M_Debug up for play (max tick rate 60) at 2025.08.25-19.27.14
[2025.08.25-11.27.14:169][ 59]LogWorld: Bringing up level for play took: 0.000468
[2025.08.25-11.27.14:169][ 59]LogOnline: OSS: Creating online subsystem instance for: :Context_12
[2025.08.25-11.27.14:171][ 59]PIE: Server logged in
[2025.08.25-11.27.14:172][ 59]PIE: Play in editor total start time 0.141 seconds.
[2025.08.25-11.27.22:830][576]LogSlate: Updating window title bar state: overlay mode, drag disabled, window buttons hidden, title bar hidden
[2025.08.25-11.27.22:830][576]LogWorld: BeginTearingDown for /Game/Maps/UEDPIE_0_M_Debug
[2025.08.25-11.27.22:831][576]LogWorld: UWorld::CleanupWorld for M_Debug, bSessionEnded=true, bCleanupResources=true
[2025.08.25-11.27.22:831][576]LogSlate: InvalidateAllWidgets triggered.  All widgets were invalidated
[2025.08.25-11.27.22:836][576]LogPlayLevel: Display: Shutting down PIE online subsystems
[2025.08.25-11.27.22:839][576]LogSlate: InvalidateAllWidgets triggered.  All widgets were invalidated
[2025.08.25-11.27.22:859][576]LogAudio: Display: Audio Device unregistered from world 'None'.
[2025.08.25-11.27.22:859][576]LogAudioMixer: FMixerPlatformXAudio2::StopAudioStream() called
[2025.08.25-11.27.22:860][576]LogAudioMixer: FMixerPlatformXAudio2::StopAudioStream() called
[2025.08.25-11.27.22:861][576]LogSlate: Updating window title bar state: overlay mode, drag disabled, window buttons hidden, title bar hidden
[2025.08.25-11.27.22:864][576]LogUObjectHash: Compacting FUObjectHashTables data took   2.12ms
[2025.08.25-11.27.22:905][578]LogPlayLevel: Display: Destroying online subsystem :Context_12
[2025.08.25-11.27.57:551][823]LogSavePackage: Moving 'E:/programs/UE4_learn/workdemo/Saved/BP_CharacterPlayerBase119506124444FFC8D6EC3EFAD254EBA2D.tmp' to 'E:/programs/UE4_learn/workdemo/Content/BluePrints/Characters/Player/BP_CharacterPlayerBase1.uasset'
[2025.08.25-11.27.57:561][823]AssetCheck: New page: Asset Save: BP_CharacterPlayerBase1
[2025.08.25-11.27.57:561][823]LogContentValidation: Display: Validating Blueprint /Game/BluePrints/Characters/Player/BP_CharacterPlayerBase1.BP_CharacterPlayerBase1
[2025.08.25-11.28.08:285][453]LogSavePackage: Moving 'E:/programs/UE4_learn/workdemo/Saved/BP_CharacterPlayerBase1B3C6769545B3DE954F5132B6AEACD8FD.tmp' to 'E:/programs/UE4_learn/workdemo/Content/BluePrints/Characters/Player/BP_CharacterPlayerBase1.uasset'
[2025.08.25-11.28.08:297][453]AssetCheck: New page: Asset Save: BP_CharacterPlayerBase1
[2025.08.25-11.28.08:297][453]LogContentValidation: Display: Validating Blueprint /Game/BluePrints/Characters/Player/BP_CharacterPlayerBase1.BP_CharacterPlayerBase1
[2025.08.25-11.29.13:853][785]LogAssetEditorSubsystem: Opening Asset editor for Blueprint /Game/BluePrints/Characters/Player/BP_Character_Player_Base.BP_Character_Player_Base
[2025.08.25-11.29.55:788][254]LogAssetEditorSubsystem: Opening Asset editor for Blueprint /Game/BluePrints/NotfyState/ANS_Attack.ANS_Attack
[2025.08.25-11.30.19:836][679]LogUObjectHash: Compacting FUObjectHashTables data took   2.68ms
[2025.08.25-11.30.21:534][766]Cmd: TRANSACTION UNDO
[2025.08.25-11.30.21:534][766]LogEditorTransaction: Undo Create Pin Link
[2025.08.25-11.30.23:308][855]LogUObjectHash: Compacting FUObjectHashTables data took   2.98ms
[2025.08.25-11.30.24:938][855]LogSlate: Window 'Delete Assets' being destroyed
[2025.08.25-11.30.25:034][855]LogUObjectHash: Compacting FUObjectHashTables data took   1.36ms
[2025.08.25-11.31.01:770][ 32]Cmd: OBJ SAVEPACKAGE PACKAGE="/Game/BluePrints/NotfyState/ANS_Attack" FILE="E:/programs/UE4_learn/workdemo/Content/BluePrints/NotfyState/ANS_Attack.uasset" SILENT=true
[2025.08.25-11.31.01:774][ 32]LogSavePackage: Moving 'E:/programs/UE4_learn/workdemo/Saved/ANS_AttackB82EE4624B8D5E54E5764F9EB8AF9ACF.tmp' to 'E:/programs/UE4_learn/workdemo/Content/BluePrints/NotfyState/ANS_Attack.uasset'
[2025.08.25-11.31.01:791][ 32]AssetCheck: New page: Asset Save: ANS_Attack
[2025.08.25-11.31.01:791][ 32]LogContentValidation: Display: Validating Blueprint /Game/BluePrints/NotfyState/ANS_Attack.ANS_Attack
[2025.08.25-11.31.05:113][228]BlueprintLog: New page: Compile ANS_Attack
[2025.08.25-11.31.05:151][228]LogUObjectHash: Compacting FUObjectHashTables data took   2.16ms
[2025.08.25-11.31.05:619][255]Cmd: OBJ SAVEPACKAGE PACKAGE="/Game/BluePrints/NotfyState/ANS_Attack" FILE="E:/programs/UE4_learn/workdemo/Content/BluePrints/NotfyState/ANS_Attack.uasset" SILENT=true
[2025.08.25-11.31.05:623][255]LogSavePackage: Moving 'E:/programs/UE4_learn/workdemo/Saved/ANS_Attack96F1D93C439C021FD1E9E398C1BC0D9B.tmp' to 'E:/programs/UE4_learn/workdemo/Content/BluePrints/NotfyState/ANS_Attack.uasset'
[2025.08.25-11.31.05:641][255]AssetCheck: New page: Asset Save: ANS_Attack
[2025.08.25-11.31.05:641][255]LogContentValidation: Display: Validating Blueprint /Game/BluePrints/NotfyState/ANS_Attack.ANS_Attack
[2025.08.25-11.31.06:668][316]LogAssetEditorSubsystem: Opening Asset editor for Blueprint /Game/BluePrints/Characters/BP_Character_base.BP_Character_base
[2025.08.25-11.31.24:358][301]LogUObjectHash: Compacting FUObjectHashTables data took   2.13ms
[2025.08.25-11.31.24:389][301]Cmd: OBJ SAVEPACKAGE PACKAGE="/Game/BluePrints/Characters/Player/ABP_CaptainClass" FILE="E:/programs/UE4_learn/workdemo/Content/BluePrints/Characters/Player/ABP_CaptainClass.uasset" SILENT=true
[2025.08.25-11.31.24:418][301]LogSavePackage: Moving 'E:/programs/UE4_learn/workdemo/Saved/ABP_CaptainClass5BA29F8643B996E4FF7608BB17D49E17.tmp' to 'E:/programs/UE4_learn/workdemo/Content/BluePrints/Characters/Player/ABP_CaptainClass.uasset'
[2025.08.25-11.31.24:574][301]LogUObjectHash: Compacting FUObjectHashTables data took   0.60ms
[2025.08.25-11.31.24:606][301]LogUObjectHash: Compacting FUObjectHashTables data took   1.39ms
[2025.08.25-11.31.24:633][301]LogUObjectHash: Compacting FUObjectHashTables data took   0.49ms
[2025.08.25-11.31.24:640][301]AssetCheck: New page: Asset Save: ABP_CaptainClass
[2025.08.25-11.31.24:640][301]LogContentValidation: Display: Validating PaperZDAnimBP /Game/BluePrints/Characters/Player/ABP_CaptainClass.ABP_CaptainClass
[2025.08.25-11.31.25:383][345]BlueprintLog: New page: Compile ABP_CaptainClass
[2025.08.25-11.31.25:389][345]LogBlueprint: Error: [AssetLog] E:\programs\UE4_learn\workdemo\Content\BluePrints\Characters\Player\ABP_CaptainClass.uasset: [Compiler] In use pin  Character  no longer exists on node  Get . Please refresh node or break links to remove pin.
[2025.08.25-11.31.25:391][345]LogBlueprint: Error: [AssetLog] E:\programs\UE4_learn\workdemo\Content\BluePrints\Characters\Player\ABP_CaptainClass.uasset: [Compiler] In use pin  Character  no longer exists on node  Get . Please refresh node or break links to remove pin.
[2025.08.25-11.31.25:418][345]LogUObjectHash: Compacting FUObjectHashTables data took   2.10ms
[2025.08.25-11.31.28:343][519]LogUObjectHash: Compacting FUObjectHashTables data took   2.30ms
[2025.08.25-11.31.28:371][519]Cmd: OBJ SAVEPACKAGE PACKAGE="/Game/BluePrints/Characters/Player/ABP_CaptainClass" FILE="E:/programs/UE4_learn/workdemo/Content/BluePrints/Characters/Player/ABP_CaptainClass.uasset" SILENT=true
[2025.08.25-11.31.28:400][519]LogSavePackage: Moving 'E:/programs/UE4_learn/workdemo/Saved/ABP_CaptainClassCBAD29F442E70570B0D69CAFF3E1A57D.tmp' to 'E:/programs/UE4_learn/workdemo/Content/BluePrints/Characters/Player/ABP_CaptainClass.uasset'
[2025.08.25-11.31.28:415][519]AssetCheck: New page: Asset Save: ABP_CaptainClass
[2025.08.25-11.31.28:415][519]LogContentValidation: Display: Validating PaperZDAnimBP /Game/BluePrints/Characters/Player/ABP_CaptainClass.ABP_CaptainClass
[2025.08.25-11.31.28:880][547]BlueprintLog: New page: Compile ABP_CaptainClass
[2025.08.25-11.31.28:916][547]LogUObjectHash: Compacting FUObjectHashTables data took   1.71ms
[2025.08.25-11.31.32:742][775]LogUObjectHash: Compacting FUObjectHashTables data took   2.30ms
[2025.08.25-11.31.35:784][953]LogTemp: Repeating last play command: Selected Viewport
[2025.08.25-11.31.35:789][953]LogPlayLevel: PlayLevel: No blueprints needed recompiling
[2025.08.25-11.31.35:789][953]PIE: New page: PIE session: M_Debug (2025年8月26日 上午3:31:35)
[2025.08.25-11.31.35:789][953]LogPlayLevel: Creating play world package: /Game/Maps/UEDPIE_0_M_Debug
[2025.08.25-11.31.35:791][953]LogPlayLevel: PIE: StaticDuplicateObject took: (0.001641s)
[2025.08.25-11.31.35:792][953]LogAIModule: Creating AISystem for world M_Debug
[2025.08.25-11.31.35:792][953]LogPlayLevel: PIE: World Init took: (0.000778s)
[2025.08.25-11.31.35:792][953]LogPlayLevel: PIE: Created PIE world by copying editor world from /Game/Maps/M_Debug.M_Debug to /Game/Maps/UEDPIE_0_M_Debug.M_Debug (0.002498s)
[2025.08.25-11.31.35:815][953]LogUObjectHash: Compacting FUObjectHashTables data took   1.49ms
[2025.08.25-11.31.35:816][953]LogAudio: Display: Creating Audio Device:                 Id: 7, Scope: Unique, Realtime: True
[2025.08.25-11.31.35:816][953]LogAudioMixer: Display: Audio Mixer Platform Settings:
[2025.08.25-11.31.35:816][953]LogAudioMixer: Display: 	Sample Rate:						  48000
[2025.08.25-11.31.35:816][953]LogAudioMixer: Display: 	Callback Buffer Frame Size Requested: 1024
[2025.08.25-11.31.35:816][953]LogAudioMixer: Display: 	Callback Buffer Frame Size To Use:	  1024
[2025.08.25-11.31.35:816][953]LogAudioMixer: Display: 	Number of buffers to queue:			  2
[2025.08.25-11.31.35:816][953]LogAudioMixer: Display: 	Max Channels (voices):				  32
[2025.08.25-11.31.35:816][953]LogAudioMixer: Display: 	Number of Async Source Workers:		  0
[2025.08.25-11.31.35:816][953]LogAudio: Display: AudioDevice MaxSources: 32
[2025.08.25-11.31.35:816][953]LogAudio: Display: Audio Spatialization Plugin: None (built-in).
[2025.08.25-11.31.35:816][953]LogAudio: Display: Audio Reverb Plugin: None (built-in).
[2025.08.25-11.31.35:816][953]LogAudio: Display: Audio Occlusion Plugin: None (built-in).
[2025.08.25-11.31.35:816][953]LogAudioMixer: Display: Initializing audio mixer.
[2025.08.25-11.31.35:820][953]LogAudioMixer: Display: 0: FrontLeft
[2025.08.25-11.31.35:820][953]LogAudioMixer: Display: 1: FrontRight
[2025.08.25-11.31.35:913][953]LogAudioMixer: Display: Using Audio Device 扬声器 (Realtek(R) Audio)
[2025.08.25-11.31.35:913][953]LogAudioMixer: Display: Initializing Sound Submixes...
[2025.08.25-11.31.35:913][953]LogAudioMixer: Display: Creating Master Submix 'MasterSubmixDefault'
[2025.08.25-11.31.35:913][953]LogAudioMixer: Display: Creating Master Submix 'MasterReverbSubmixDefault'
[2025.08.25-11.31.35:913][953]LogAudioMixer: Display: Creating Master Submix 'MasterEQSubmixDefault'
[2025.08.25-11.31.35:913][953]LogAudioMixer: FMixerPlatformXAudio2::StartAudioStream() called
[2025.08.25-11.31.35:913][953]LogAudioMixer: Display: Output buffers initialized: Frames=1024, Channels=2, Samples=2048
[2025.08.25-11.31.35:914][953]LogAudioMixer: Display: Starting AudioMixerPlatformInterface::RunInternal()
[2025.08.25-11.31.35:914][953]LogAudioMixer: Display: FMixerPlatformXAudio2::SubmitBuffer() called for the first time
[2025.08.25-11.31.35:914][953]LogInit: FAudioDevice initialized.
[2025.08.25-11.31.35:915][953]LogAudio: Display: Audio Device (ID: 7) registered with world 'M_Debug'.
[2025.08.25-11.31.35:925][953]LogLoad: Game class is 'GM_workdemoGameModeBase_C'
[2025.08.25-11.31.35:926][953]LogWorld: Bringing World /Game/Maps/UEDPIE_0_M_Debug.M_Debug up for play (max tick rate 60) at 2025.08.25-19.31.35
[2025.08.25-11.31.35:926][953]LogWorld: Bringing up level for play took: 0.000523
[2025.08.25-11.31.35:926][953]LogOnline: OSS: Creating online subsystem instance for: :Context_16
[2025.08.25-11.31.35:929][953]PIE: Server logged in
[2025.08.25-11.31.35:929][953]PIE: Play in editor total start time 0.141 seconds.
[2025.08.25-11.31.39:900][190]LogSlate: Updating window title bar state: overlay mode, drag disabled, window buttons hidden, title bar hidden
[2025.08.25-11.31.39:900][190]LogWorld: BeginTearingDown for /Game/Maps/UEDPIE_0_M_Debug
[2025.08.25-11.31.39:900][190]LogWorld: UWorld::CleanupWorld for M_Debug, bSessionEnded=true, bCleanupResources=true
[2025.08.25-11.31.39:900][190]LogSlate: InvalidateAllWidgets triggered.  All widgets were invalidated
[2025.08.25-11.31.39:908][190]LogPlayLevel: Display: Shutting down PIE online subsystems
[2025.08.25-11.31.39:911][190]LogSlate: InvalidateAllWidgets triggered.  All widgets were invalidated
[2025.08.25-11.31.39:934][190]LogSlate: Updating window title bar state: overlay mode, drag disabled, window buttons hidden, title bar hidden
[2025.08.25-11.31.39:934][190]LogAudioMixer: FMixerPlatformXAudio2::StopAudioStream() called
[2025.08.25-11.31.39:935][190]LogAudioMixer: FMixerPlatformXAudio2::StopAudioStream() called
[2025.08.25-11.31.39:939][190]LogUObjectHash: Compacting FUObjectHashTables data took   1.69ms
[2025.08.25-11.31.39:983][192]LogPlayLevel: Display: Destroying online subsystem :Context_16
[2025.08.25-12.12.41:908][294]LogSavePackage: Moving 'E:/programs/UE4_learn/workdemo/Saved/BP_Character_Player_BaseD2B850C94911D4D7FF813CB5378FAAFA.tmp' to 'E:/programs/UE4_learn/workdemo/Content/BluePrints/Characters/Player/BP_Character_Player_Base.uasset'
[2025.08.25-12.12.41:926][294]AssetCheck: New page: Asset Save: BP_Character_Player_Base
[2025.08.25-12.12.41:926][294]LogContentValidation: Display: Validating Blueprint /Game/BluePrints/Characters/Player/BP_Character_Player_Base.BP_Character_Player_Base
[2025.08.25-12.12.44:610][454]LogSelectionDetails: Warning: NavigateToFunctionSource:  Unable to find symbols for 'APaperZDCharacter::GetAnimInstance' [找不到指定的模块。]
[2025.08.25-12.13.11:958][661]LogUObjectHash: Compacting FUObjectHashTables data took   2.42ms
[2025.08.25-12.13.11:959][661]LogFileHelpers: Editor autosave (incl. external actors) for '/Game/Maps/M_Debug' took 0.035
[2025.08.25-12.13.11:960][661]OBJ SavePackage: Generating thumbnails for [0] asset(s) in package [/Game/BluePrints/Characters/Player/BP_Character_Player_Base] ([2] browsable assets)...
[2025.08.25-12.13.11:960][661]OBJ SavePackage: Finished generating thumbnails for package [/Game/BluePrints/Characters/Player/BP_Character_Player_Base]
[2025.08.25-12.13.12:006][661]LogSavePackage: Moving 'E:/programs/UE4_learn/workdemo/Saved/BP_Character_Player_Base_Auto118B9D7004BF82E77D707C1AE438A81C2.tmp' to 'E:/programs/UE4_learn/workdemo/Saved/Autosaves/Game/BluePrints/Characters/Player/BP_Character_Player_Base_Auto1.uasset'
[2025.08.25-12.13.12:007][661]LogFileHelpers: Auto-saving content packages took 0.048
[2025.08.25-12.24.36:058][699]LogWindowsTextInputMethodSystem: Display: IME system deactivated.
[2025.08.25-12.24.36:058][699]LogWindowsTextInputMethodSystem: Display: IME system deactivated.
[2025.08.25-12.24.47:760][399]LogSelectionDetails: Warning: NavigateToFunctionSource:  Unable to find symbols for 'APaperZDCharacter::GetAnimInstance' [找不到元素。]
[2025.08.25-12.35.21:561][581]BlueprintLog: New page: Compile BP_Character_Player_Base
[2025.08.25-12.35.21:638][581]LogUObjectHash: Compacting FUObjectHashTables data took   2.77ms
[2025.08.25-12.35.22:746][643]Candidate modules for hot reload:
[2025.08.25-12.35.22:746][643]  workdemo
[2025.08.25-12.35.22:746][643]Launching UnrealBuildTool... [F:/epic/UE_4.27/Engine/Binaries/DotNET/UnrealBuildTool.exe  -ModuleWithSuffix=workdemo,2187 workdemoEditor Win64 Development -Project="E:/programs/UE4_learn/workdemo/workdemo.uproject" "E:/programs/UE4_learn/workdemo/workdemo.uproject"  -IgnoreJunk]
[2025.08.25-12.35.22:755][643]Warning: Starting HotReload took  0.0s.
[2025.08.25-12.35.28:716][986]CompilerResultsLog: New page: Compilation - 2025年8月26日 上午4:35:28
[2025.08.25-12.35.28:716][986]CompilerResultsLog: Using 'git status' to determine working set for adaptive non-unity build (E:\programs\UE4_learn\workdemo).
[2025.08.25-12.35.28:716][986]CompilerResultsLog: Creating makefile for workdemoEditor (command line arguments changed)
[2025.08.25-12.35.28:716][986]CompilerResultsLog: Building workdemoEditor...
[2025.08.25-12.35.28:716][986]CompilerResultsLog: Using Visual Studio 2022 14.44.35215 toolchain (D:\software\gamedev\VC\Tools\MSVC\14.44.35207) and Windows 10.0.26100.0 SDK (C:\Program Files (x86)\Windows Kits\10).
[2025.08.25-12.35.28:716][986]CompilerResultsLog: Building 10 actions with 20 processes...
[2025.08.25-12.35.28:717][986]CompilerResultsLog:   [1/10] workdemo.init.gen.cpp
[2025.08.25-12.35.28:717][986]CompilerResultsLog:   [2/10] CharacterBase.cpp
[2025.08.25-12.35.28:717][986]CompilerResultsLog:   [3/10] workdemoGameModeBase.cpp
[2025.08.25-12.35.28:717][986]CompilerResultsLog:   [4/10] CharacterBase.gen.cpp
[2025.08.25-12.35.28:717][986]CompilerResultsLog:   [5/10] CharacterPlayerBase.gen.cpp
[2025.08.25-12.35.28:717][986]CompilerResultsLog:   [6/10] workdemoGameModeBase.gen.cpp
[2025.08.25-12.35.28:717][986]CompilerResultsLog:   [7/10] CharacterPlayerBase.cpp
[2025.08.25-12.35.28:717][986]CompilerResultsLog:   [8/10] UE4Editor-workdemo-2187.lib
[2025.08.25-12.35.28:717][986]CompilerResultsLog:     ???ڴ????? E:\programs\UE4_learn\workdemo\Intermediate\Build\Win64\UE4Editor\Development\workdemo\UE4Editor-workdemo-2187.lib ?Ͷ??? E:\programs\UE4_learn\workdemo\Intermediate\Build\Win64\UE4Editor\Development\workdemo\UE4Editor-workdemo-2187.exp
[2025.08.25-12.35.28:717][986]CompilerResultsLog:   [9/10] UE4Editor-workdemo-2187.dll
[2025.08.25-12.35.28:717][986]CompilerResultsLog:     ???ڴ????? E:\programs\UE4_learn\workdemo\Intermediate\Build\Win64\UE4Editor\Development\workdemo\UE4Editor-workdemo-2187.suppressed.lib ?Ͷ??? E:\programs\UE4_learn\workdemo\Intermediate\Build\Win64\UE4Editor\Development\workdemo\UE4Editor-workdemo-2187.suppressed.exp
[2025.08.25-12.35.28:717][986]CompilerResultsLog:   [10/10] workdemoEditor.target
[2025.08.25-12.35.28:717][986]CompilerResultsLog: Total time in Parallel executor: 4.15 seconds
[2025.08.25-12.35.28:717][986]CompilerResultsLog: Total execution time: 5.88 seconds
[2025.08.25-12.35.28:717][986]LogMainFrame: MainFrame: Module compiling took 5.975 seconds
[2025.08.25-12.35.28:727][986]LogClass: Could not find existing class CharacterPlayerBase in package /Script/workdemo for HotReload, assuming new class
[2025.08.25-12.35.28:727][986]LogClass: Function EndAttack is new.
[2025.08.25-12.35.28:727][986]LogClass: Function EndJump is new.
[2025.08.25-12.35.28:727][986]LogClass: Function EndRotateLeft is new.
[2025.08.25-12.35.28:727][986]LogClass: Function EndRotateRight is new.
[2025.08.25-12.35.28:727][986]LogClass: Function Move_X is new.
[2025.08.25-12.35.28:727][986]LogClass: Function Move_Y is new.
[2025.08.25-12.35.28:727][986]LogClass: Function OnAttackAnimationCancelled is new.
[2025.08.25-12.35.28:727][986]LogClass: Function OnAttackAnimationCompleted is new.
[2025.08.25-12.35.28:727][986]LogClass: Function StartAttack is new.
[2025.08.25-12.35.28:727][986]LogClass: Function StartJump is new.
[2025.08.25-12.35.28:727][986]LogClass: Function StartRotateLeft is new.
[2025.08.25-12.35.28:727][986]LogClass: Function StartRotateRight is new.
[2025.08.25-12.35.28:741][986]LogHotReload: Re-instancing CharacterPlayerBase after hot-reload.
[2025.08.25-12.35.28:822][986]LogNativeClassHierarchy: Verbose: Native class hierarchy updated for 'workdemo' in 0.0010 seconds. Added 3 classes and 2 folders.
[2025.08.25-12.35.28:829][986]Display: HotReload successful (0 functions remapped  0 scriptstructs remapped)
[2025.08.25-12.35.28:957][986]LogNativeClassHierarchy: Verbose: Native class hierarchy populated in 0.0108 seconds. Added 3882 classes and 945 folders.
[2025.08.25-12.35.28:957][986]Display: HotReload took  6.2s.
[2025.08.25-12.35.56:005][144]Candidate modules for hot reload:
[2025.08.25-12.35.56:005][144]  workdemo
[2025.08.25-12.35.56:005][144]Launching UnrealBuildTool... [F:/epic/UE_4.27/Engine/Binaries/DotNET/UnrealBuildTool.exe  -ModuleWithSuffix=workdemo,6459 workdemoEditor Win64 Development -Project="E:/programs/UE4_learn/workdemo/workdemo.uproject" "E:/programs/UE4_learn/workdemo/workdemo.uproject"  -IgnoreJunk]
[2025.08.25-12.35.56:015][144]Warning: Starting HotReload took  0.0s.
[2025.08.25-12.35.58:132][257]CompilerResultsLog: New page: Compilation - 2025年8月26日 上午4:35:58
[2025.08.25-12.35.58:132][257]CompilerResultsLog: Using 'git status' to determine working set for adaptive non-unity build (E:\programs\UE4_learn\workdemo).
[2025.08.25-12.35.58:132][257]CompilerResultsLog: Building workdemoEditor...
[2025.08.25-12.35.58:132][257]CompilerResultsLog: Using Visual Studio 2022 14.44.35215 toolchain (D:\software\gamedev\VC\Tools\MSVC\14.44.35207) and Windows 10.0.26100.0 SDK (C:\Program Files (x86)\Windows Kits\10).
[2025.08.25-12.35.58:133][257]CompilerResultsLog: Building 4 actions with 20 processes...
[2025.08.25-12.35.58:133][257]CompilerResultsLog:   [1/4] CharacterPlayerBase.cpp
[2025.08.25-12.35.58:133][257]CompilerResultsLog:   [2/4] UE4Editor-workdemo-6459.lib
[2025.08.25-12.35.58:133][257]CompilerResultsLog:     ???ڴ????? E:\programs\UE4_learn\workdemo\Intermediate\Build\Win64\UE4Editor\Development\workdemo\UE4Editor-workdemo-6459.lib ?Ͷ??? E:\programs\UE4_learn\workdemo\Intermediate\Build\Win64\UE4Editor\Development\workdemo\UE4Editor-workdemo-6459.exp
[2025.08.25-12.35.58:133][257]CompilerResultsLog:   [3/4] UE4Editor-workdemo-6459.dll
[2025.08.25-12.35.58:133][257]CompilerResultsLog:     ???ڴ????? E:\programs\UE4_learn\workdemo\Intermediate\Build\Win64\UE4Editor\Development\workdemo\UE4Editor-workdemo-6459.suppressed.lib ?Ͷ??? E:\programs\UE4_learn\workdemo\Intermediate\Build\Win64\UE4Editor\Development\workdemo\UE4Editor-workdemo-6459.suppressed.exp
[2025.08.25-12.35.58:133][257]CompilerResultsLog:   [4/4] workdemoEditor.target
[2025.08.25-12.35.58:133][257]CompilerResultsLog: Total time in Parallel executor: 1.47 seconds
[2025.08.25-12.35.58:133][257]CompilerResultsLog: Total execution time: 2.04 seconds
[2025.08.25-12.35.58:133][257]LogMainFrame: MainFrame: Module compiling took 2.133 seconds
[2025.08.25-12.35.58:155][257]LogNativeClassHierarchy: Verbose: Native class hierarchy updated for 'workdemo' in 0.0002 seconds. Added 3 classes and 2 folders.
[2025.08.25-12.35.58:161][257]Display: HotReload successful (12 functions remapped  0 scriptstructs remapped)
[2025.08.25-12.35.58:277][257]LogNativeClassHierarchy: Verbose: Native class hierarchy populated in 0.0073 seconds. Added 3882 classes and 945 folders.
[2025.08.25-12.35.58:277][257]Display: HotReload took  2.3s.
[2025.08.25-12.35.59:441][315]LogTemp: Repeating last play command: Selected Viewport
[2025.08.25-12.35.59:448][315]LogPlayLevel: PlayLevel: No blueprints needed recompiling
[2025.08.25-12.35.59:448][315]PIE: New page: PIE session: M_Debug (2025年8月26日 上午4:35:59)
[2025.08.25-12.35.59:448][315]LogPlayLevel: Creating play world package: /Game/Maps/UEDPIE_0_M_Debug
[2025.08.25-12.35.59:453][315]LogPlayLevel: PIE: StaticDuplicateObject took: (0.005283s)
[2025.08.25-12.35.59:454][315]LogAIModule: Creating AISystem for world M_Debug
[2025.08.25-12.35.59:455][315]LogPlayLevel: PIE: World Init took: (0.001542s)
[2025.08.25-12.35.59:455][315]LogPlayLevel: PIE: Created PIE world by copying editor world from /Game/Maps/M_Debug.M_Debug to /Game/Maps/UEDPIE_0_M_Debug.M_Debug (0.007090s)
[2025.08.25-12.35.59:554][315]LogUObjectHash: Compacting FUObjectHashTables data took   4.32ms
[2025.08.25-12.35.59:554][315]LogAudio: Display: Creating Audio Device:                 Id: 8, Scope: Unique, Realtime: True
[2025.08.25-12.35.59:554][315]LogAudioMixer: Display: Audio Mixer Platform Settings:
[2025.08.25-12.35.59:554][315]LogAudioMixer: Display: 	Sample Rate:						  48000
[2025.08.25-12.35.59:554][315]LogAudioMixer: Display: 	Callback Buffer Frame Size Requested: 1024
[2025.08.25-12.35.59:554][315]LogAudioMixer: Display: 	Callback Buffer Frame Size To Use:	  1024
[2025.08.25-12.35.59:554][315]LogAudioMixer: Display: 	Number of buffers to queue:			  2
[2025.08.25-12.35.59:554][315]LogAudioMixer: Display: 	Max Channels (voices):				  32
[2025.08.25-12.35.59:554][315]LogAudioMixer: Display: 	Number of Async Source Workers:		  0
[2025.08.25-12.35.59:554][315]LogAudio: Display: AudioDevice MaxSources: 32
[2025.08.25-12.35.59:555][315]LogAudio: Display: Audio Spatialization Plugin: None (built-in).
[2025.08.25-12.35.59:555][315]LogAudio: Display: Audio Reverb Plugin: None (built-in).
[2025.08.25-12.35.59:555][315]LogAudio: Display: Audio Occlusion Plugin: None (built-in).
[2025.08.25-12.35.59:555][315]LogAudioMixer: Display: Initializing audio mixer.
[2025.08.25-12.35.59:559][315]LogAudioMixer: Display: 0: FrontLeft
[2025.08.25-12.35.59:559][315]LogAudioMixer: Display: 1: FrontRight
[2025.08.25-12.35.59:658][315]LogAudioMixer: Display: Using Audio Device 扬声器 (Realtek(R) Audio)
[2025.08.25-12.35.59:658][315]LogAudioMixer: Display: Initializing Sound Submixes...
[2025.08.25-12.35.59:659][315]LogAudioMixer: Display: Creating Master Submix 'MasterSubmixDefault'
[2025.08.25-12.35.59:659][315]LogAudioMixer: Display: Creating Master Submix 'MasterReverbSubmixDefault'
[2025.08.25-12.35.59:659][315]LogAudioMixer: Display: Creating Master Submix 'MasterEQSubmixDefault'
[2025.08.25-12.35.59:659][315]LogAudioMixer: FMixerPlatformXAudio2::StartAudioStream() called
[2025.08.25-12.35.59:659][315]LogAudioMixer: Display: Output buffers initialized: Frames=1024, Channels=2, Samples=2048
[2025.08.25-12.35.59:660][315]LogAudioMixer: Display: Starting AudioMixerPlatformInterface::RunInternal()
[2025.08.25-12.35.59:660][315]LogAudioMixer: Display: FMixerPlatformXAudio2::SubmitBuffer() called for the first time
[2025.08.25-12.35.59:660][315]LogInit: FAudioDevice initialized.
[2025.08.25-12.35.59:660][315]LogAudio: Display: Audio Device (ID: 8) registered with world 'M_Debug'.
[2025.08.25-12.35.59:672][315]LogLoad: Game class is 'GM_workdemoGameModeBase_C'
[2025.08.25-12.35.59:675][315]LogWorld: Bringing World /Game/Maps/UEDPIE_0_M_Debug.M_Debug up for play (max tick rate 60) at 2025.08.25-20.35.59
[2025.08.25-12.35.59:675][315]LogWorld: Bringing up level for play took: 0.000740
[2025.08.25-12.35.59:675][315]LogOnline: OSS: Creating online subsystem instance for: :Context_17
[2025.08.25-12.35.59:678][315]PIE: Server logged in
[2025.08.25-12.35.59:679][315]PIE: Play in editor total start time 0.232 seconds.
[2025.08.25-12.36.05:565][667]LogSlate: Updating window title bar state: overlay mode, drag disabled, window buttons hidden, title bar hidden
[2025.08.25-12.36.05:565][667]LogWorld: BeginTearingDown for /Game/Maps/UEDPIE_0_M_Debug
[2025.08.25-12.36.05:565][667]LogWorld: UWorld::CleanupWorld for M_Debug, bSessionEnded=true, bCleanupResources=true
[2025.08.25-12.36.05:565][667]LogSlate: InvalidateAllWidgets triggered.  All widgets were invalidated
[2025.08.25-12.36.05:572][667]LogPlayLevel: Display: Shutting down PIE online subsystems
[2025.08.25-12.36.05:578][667]LogSlate: InvalidateAllWidgets triggered.  All widgets were invalidated
[2025.08.25-12.36.05:604][667]LogSlate: Updating window title bar state: overlay mode, drag disabled, window buttons hidden, title bar hidden
[2025.08.25-12.36.05:605][667]LogAudioMixer: FMixerPlatformXAudio2::StopAudioStream() called
[2025.08.25-12.36.05:608][667]LogAudioMixer: FMixerPlatformXAudio2::StopAudioStream() called
[2025.08.25-12.36.05:621][667]LogUObjectHash: Compacting FUObjectHashTables data took   2.90ms
[2025.08.25-12.36.05:641][668]LogPlayLevel: Display: Destroying online subsystem :Context_17
[2025.08.25-12.36.33:238][796]Candidate modules for hot reload:
[2025.08.25-12.36.33:238][796]  workdemo
[2025.08.25-12.36.33:238][796]Launching UnrealBuildTool... [F:/epic/UE_4.27/Engine/Binaries/DotNET/UnrealBuildTool.exe  -ModuleWithSuffix=workdemo,7570 workdemoEditor Win64 Development -Project="E:/programs/UE4_learn/workdemo/workdemo.uproject" "E:/programs/UE4_learn/workdemo/workdemo.uproject"  -IgnoreJunk]
[2025.08.25-12.36.33:247][796]Warning: Starting HotReload took  0.0s.
[2025.08.25-12.36.35:481][916]CompilerResultsLog: New page: Compilation - 2025年8月26日 上午4:36:35
[2025.08.25-12.36.35:481][916]CompilerResultsLog: Using 'git status' to determine working set for adaptive non-unity build (E:\programs\UE4_learn\workdemo).
[2025.08.25-12.36.35:481][916]CompilerResultsLog: Building workdemoEditor...
[2025.08.25-12.36.35:481][916]CompilerResultsLog: Using Visual Studio 2022 14.44.35215 toolchain (D:\software\gamedev\VC\Tools\MSVC\14.44.35207) and Windows 10.0.26100.0 SDK (C:\Program Files (x86)\Windows Kits\10).
[2025.08.25-12.36.35:481][916]CompilerResultsLog: Building 4 actions with 20 processes...
[2025.08.25-12.36.35:482][916]CompilerResultsLog:   [1/4] CharacterPlayerBase.cpp
[2025.08.25-12.36.35:482][916]CompilerResultsLog:   [2/4] UE4Editor-workdemo-7570.lib
[2025.08.25-12.36.35:482][916]CompilerResultsLog:     ???ڴ????? E:\programs\UE4_learn\workdemo\Intermediate\Build\Win64\UE4Editor\Development\workdemo\UE4Editor-workdemo-7570.lib ?Ͷ??? E:\programs\UE4_learn\workdemo\Intermediate\Build\Win64\UE4Editor\Development\workdemo\UE4Editor-workdemo-7570.exp
[2025.08.25-12.36.35:482][916]CompilerResultsLog:   [3/4] UE4Editor-workdemo-7570.dll
[2025.08.25-12.36.35:482][916]CompilerResultsLog:     ???ڴ????? E:\programs\UE4_learn\workdemo\Intermediate\Build\Win64\UE4Editor\Development\workdemo\UE4Editor-workdemo-7570.suppressed.lib ?Ͷ??? E:\programs\UE4_learn\workdemo\Intermediate\Build\Win64\UE4Editor\Development\workdemo\UE4Editor-workdemo-7570.suppressed.exp
[2025.08.25-12.36.35:482][916]CompilerResultsLog:   [4/4] workdemoEditor.target
[2025.08.25-12.36.35:482][916]CompilerResultsLog: Total time in Parallel executor: 1.54 seconds
[2025.08.25-12.36.35:482][916]CompilerResultsLog: Total execution time: 2.14 seconds
[2025.08.25-12.36.35:482][916]LogMainFrame: MainFrame: Module compiling took 2.250 seconds
[2025.08.25-12.36.35:504][916]LogNativeClassHierarchy: Verbose: Native class hierarchy updated for 'workdemo' in 0.0003 seconds. Added 3 classes and 2 folders.
[2025.08.25-12.36.35:510][916]Display: HotReload successful (12 functions remapped  0 scriptstructs remapped)
[2025.08.25-12.36.35:629][916]LogNativeClassHierarchy: Verbose: Native class hierarchy populated in 0.0073 seconds. Added 3882 classes and 945 folders.
[2025.08.25-12.36.35:630][916]Display: HotReload took  2.4s.
[2025.08.25-12.36.37:258][  3]LogTemp: Repeating last play command: Selected Viewport
[2025.08.25-12.36.37:265][  3]LogPlayLevel: PlayLevel: No blueprints needed recompiling
[2025.08.25-12.36.37:265][  3]PIE: New page: PIE session: M_Debug (2025年8月26日 上午4:36:37)
[2025.08.25-12.36.37:304][  3]LogPlayLevel: Creating play world package: /Game/Maps/UEDPIE_0_M_Debug
[2025.08.25-12.36.37:306][  3]LogPlayLevel: PIE: StaticDuplicateObject took: (0.001944s)
[2025.08.25-12.36.37:307][  3]LogAIModule: Creating AISystem for world M_Debug
[2025.08.25-12.36.37:312][  3]LogPlayLevel: PIE: World Init took: (0.006693s)
[2025.08.25-12.36.37:312][  3]LogPlayLevel: PIE: Created PIE world by copying editor world from /Game/Maps/M_Debug.M_Debug to /Game/Maps/UEDPIE_0_M_Debug.M_Debug (0.008788s)
[2025.08.25-12.36.37:370][  3]LogUObjectHash: Compacting FUObjectHashTables data took   3.52ms
[2025.08.25-12.36.37:371][  3]LogAudio: Display: Creating Audio Device:                 Id: 9, Scope: Unique, Realtime: True
[2025.08.25-12.36.37:371][  3]LogAudioMixer: Display: Audio Mixer Platform Settings:
[2025.08.25-12.36.37:371][  3]LogAudioMixer: Display: 	Sample Rate:						  48000
[2025.08.25-12.36.37:371][  3]LogAudioMixer: Display: 	Callback Buffer Frame Size Requested: 1024
[2025.08.25-12.36.37:371][  3]LogAudioMixer: Display: 	Callback Buffer Frame Size To Use:	  1024
[2025.08.25-12.36.37:371][  3]LogAudioMixer: Display: 	Number of buffers to queue:			  2
[2025.08.25-12.36.37:371][  3]LogAudioMixer: Display: 	Max Channels (voices):				  32
[2025.08.25-12.36.37:371][  3]LogAudioMixer: Display: 	Number of Async Source Workers:		  0
[2025.08.25-12.36.37:371][  3]LogAudio: Display: AudioDevice MaxSources: 32
[2025.08.25-12.36.37:371][  3]LogAudio: Display: Audio Spatialization Plugin: None (built-in).
[2025.08.25-12.36.37:371][  3]LogAudio: Display: Audio Reverb Plugin: None (built-in).
[2025.08.25-12.36.37:371][  3]LogAudio: Display: Audio Occlusion Plugin: None (built-in).
[2025.08.25-12.36.37:371][  3]LogAudioMixer: Display: Initializing audio mixer.
[2025.08.25-12.36.37:376][  3]LogAudioMixer: Display: 0: FrontLeft
[2025.08.25-12.36.37:376][  3]LogAudioMixer: Display: 1: FrontRight
[2025.08.25-12.36.37:470][  3]LogAudioMixer: Display: Using Audio Device 扬声器 (Realtek(R) Audio)
[2025.08.25-12.36.37:470][  3]LogAudioMixer: Display: Initializing Sound Submixes...
[2025.08.25-12.36.37:470][  3]LogAudioMixer: Display: Creating Master Submix 'MasterSubmixDefault'
[2025.08.25-12.36.37:470][  3]LogAudioMixer: Display: Creating Master Submix 'MasterReverbSubmixDefault'
[2025.08.25-12.36.37:471][  3]LogAudioMixer: Display: Creating Master Submix 'MasterEQSubmixDefault'
[2025.08.25-12.36.37:471][  3]LogAudioMixer: FMixerPlatformXAudio2::StartAudioStream() called
[2025.08.25-12.36.37:471][  3]LogAudioMixer: Display: Output buffers initialized: Frames=1024, Channels=2, Samples=2048
[2025.08.25-12.36.37:472][  3]LogAudioMixer: Display: Starting AudioMixerPlatformInterface::RunInternal()
[2025.08.25-12.36.37:472][  3]LogAudioMixer: Display: FMixerPlatformXAudio2::SubmitBuffer() called for the first time
[2025.08.25-12.36.37:472][  3]LogInit: FAudioDevice initialized.
[2025.08.25-12.36.37:472][  3]LogAudio: Display: Audio Device (ID: 9) registered with world 'M_Debug'.
[2025.08.25-12.36.37:483][  3]LogLoad: Game class is 'GM_workdemoGameModeBase_C'
[2025.08.25-12.36.37:484][  3]LogWorld: Bringing World /Game/Maps/UEDPIE_0_M_Debug.M_Debug up for play (max tick rate 60) at 2025.08.25-20.36.37
[2025.08.25-12.36.37:484][  3]LogWorld: Bringing up level for play took: 0.000480
[2025.08.25-12.36.37:484][  3]LogOnline: OSS: Creating online subsystem instance for: :Context_18
[2025.08.25-12.36.37:487][  3]PIE: Server logged in
[2025.08.25-12.36.37:488][  3]PIE: Play in editor total start time 0.224 seconds.
[2025.08.25-12.36.39:924][147]LogSlate: Updating window title bar state: overlay mode, drag disabled, window buttons hidden, title bar hidden
[2025.08.25-12.36.39:924][147]LogWorld: BeginTearingDown for /Game/Maps/UEDPIE_0_M_Debug
[2025.08.25-12.36.39:924][147]LogWorld: UWorld::CleanupWorld for M_Debug, bSessionEnded=true, bCleanupResources=true
[2025.08.25-12.36.39:924][147]LogSlate: InvalidateAllWidgets triggered.  All widgets were invalidated
[2025.08.25-12.36.39:936][147]LogPlayLevel: Display: Shutting down PIE online subsystems
[2025.08.25-12.36.39:941][147]LogSlate: InvalidateAllWidgets triggered.  All widgets were invalidated
[2025.08.25-12.36.39:970][147]LogAudio: Display: Audio Device unregistered from world 'None'.
[2025.08.25-12.36.39:972][147]LogAudioMixer: FMixerPlatformXAudio2::StopAudioStream() called
[2025.08.25-12.36.39:974][147]LogAudioMixer: FMixerPlatformXAudio2::StopAudioStream() called
[2025.08.25-12.36.39:975][147]LogSlate: Updating window title bar state: overlay mode, drag disabled, window buttons hidden, title bar hidden
[2025.08.25-12.36.39:981][147]LogUObjectHash: Compacting FUObjectHashTables data took   2.50ms
[2025.08.25-12.36.40:001][148]LogPlayLevel: Display: Destroying online subsystem :Context_18
[2025.08.25-12.38.01:392][448]Candidate modules for hot reload:
[2025.08.25-12.38.01:392][448]  workdemo
[2025.08.25-12.38.01:392][448]Launching UnrealBuildTool... [F:/epic/UE_4.27/Engine/Binaries/DotNET/UnrealBuildTool.exe  -ModuleWithSuffix=workdemo,3243 workdemoEditor Win64 Development -Project="E:/programs/UE4_learn/workdemo/workdemo.uproject" "E:/programs/UE4_learn/workdemo/workdemo.uproject"  -IgnoreJunk]
[2025.08.25-12.38.01:402][448]Warning: Starting HotReload took  0.0s.
[2025.08.25-12.38.02:598][504]CompilerResultsLog: New page: Compilation - 2025年8月26日 上午4:38:02
[2025.08.25-12.38.02:598][504]CompilerResultsLog: Using 'git status' to determine working set for adaptive non-unity build (E:\programs\UE4_learn\workdemo).
[2025.08.25-12.38.02:598][504]CompilerResultsLog: Building workdemoEditor...
[2025.08.25-12.38.02:598][504]CompilerResultsLog: Using Visual Studio 2022 14.44.35215 toolchain (D:\software\gamedev\VC\Tools\MSVC\14.44.35207) and Windows 10.0.26100.0 SDK (C:\Program Files (x86)\Windows Kits\10).
[2025.08.25-12.38.02:598][504]CompilerResultsLog: Building 4 actions with 20 processes...
[2025.08.25-12.38.02:598][504]CompilerResultsLog:   [1/4] CharacterPlayerBase.cpp
[2025.08.25-12.38.02:598][504]CompilerResultsLog:    E:\programs\UE4_learn\workdemo\Source\workdemo\CharacterPlayerBase.cpp(73) : error C2143: ?﷨????: ȱ?١?)??(?ڡ?,????ǰ??)
[2025.08.25-12.38.02:598][504]CompilerResultsLog:    E:\programs\UE4_learn\workdemo\Source\workdemo\CharacterPlayerBase.cpp(72) : error C2660: ??UPaperZDPlaySlotOverrideAction::PlayAnimationOverrideWithCallbacks??: ?????????? 0 ??????
[2025.08.25-12.38.02:598][504]CompilerResultsLog:   F:\epic\UE_4.27\Engine\Plugins\Marketplace\PaperZD_4.27\Source\PaperZD\Public\PaperZDPlaySlotOverrideAction.h(56): note: ?μ???UPaperZDPlaySlotOverrideAction::PlayAnimationOverrideWithCallbacks????????
[2025.08.25-12.38.02:598][504]CompilerResultsLog:   E:\programs\UE4_learn\workdemo\Source\workdemo\CharacterPlayerBase.cpp(72): note: ????ƥ???????б???()??ʱ
[2025.08.25-12.38.02:598][504]CompilerResultsLog:    E:\programs\UE4_learn\workdemo\Source\workdemo\CharacterPlayerBase.cpp(78) : error C2059: ?﷨????:??)??
[2025.08.25-12.38.02:598][504]LogMainFrame: MainFrame: Module compiling took 1.211 seconds
[2025.08.25-12.38.02:604][504]Warning: HotReload failed, recompile failed
[2025.08.25-12.38.28:337][711]Candidate modules for hot reload:
[2025.08.25-12.38.28:337][711]  workdemo
[2025.08.25-12.38.28:337][711]Launching UnrealBuildTool... [F:/epic/UE_4.27/Engine/Binaries/DotNET/UnrealBuildTool.exe  -ModuleWithSuffix=workdemo,8069 workdemoEditor Win64 Development -Project="E:/programs/UE4_learn/workdemo/workdemo.uproject" "E:/programs/UE4_learn/workdemo/workdemo.uproject"  -IgnoreJunk]
[2025.08.25-12.38.28:346][711]Warning: Starting HotReload took  0.0s.
[2025.08.25-12.38.30:573][830]CompilerResultsLog: New page: Compilation - 2025年8月26日 上午4:38:30
[2025.08.25-12.38.30:573][830]CompilerResultsLog: Using 'git status' to determine working set for adaptive non-unity build (E:\programs\UE4_learn\workdemo).
[2025.08.25-12.38.30:573][830]CompilerResultsLog: Building workdemoEditor...
[2025.08.25-12.38.30:573][830]CompilerResultsLog: Using Visual Studio 2022 14.44.35215 toolchain (D:\software\gamedev\VC\Tools\MSVC\14.44.35207) and Windows 10.0.26100.0 SDK (C:\Program Files (x86)\Windows Kits\10).
[2025.08.25-12.38.30:573][830]CompilerResultsLog: Building 4 actions with 20 processes...
[2025.08.25-12.38.30:573][830]CompilerResultsLog:   [1/4] CharacterPlayerBase.cpp
[2025.08.25-12.38.30:573][830]CompilerResultsLog:   [2/4] UE4Editor-workdemo-8069.lib
[2025.08.25-12.38.30:573][830]CompilerResultsLog:     ???ڴ????? E:\programs\UE4_learn\workdemo\Intermediate\Build\Win64\UE4Editor\Development\workdemo\UE4Editor-workdemo-8069.lib ?Ͷ??? E:\programs\UE4_learn\workdemo\Intermediate\Build\Win64\UE4Editor\Development\workdemo\UE4Editor-workdemo-8069.exp
[2025.08.25-12.38.30:573][830]CompilerResultsLog:   [3/4] UE4Editor-workdemo-8069.dll
[2025.08.25-12.38.30:573][830]CompilerResultsLog:     ???ڴ????? E:\programs\UE4_learn\workdemo\Intermediate\Build\Win64\UE4Editor\Development\workdemo\UE4Editor-workdemo-8069.suppressed.lib ?Ͷ??? E:\programs\UE4_learn\workdemo\Intermediate\Build\Win64\UE4Editor\Development\workdemo\UE4Editor-workdemo-8069.suppressed.exp
[2025.08.25-12.38.30:573][830]CompilerResultsLog:   [4/4] workdemoEditor.target
[2025.08.25-12.38.30:573][830]CompilerResultsLog: Total time in Parallel executor: 1.57 seconds
[2025.08.25-12.38.30:573][830]CompilerResultsLog: Total execution time: 2.14 seconds
[2025.08.25-12.38.30:573][830]LogMainFrame: MainFrame: Module compiling took 2.241 seconds
[2025.08.25-12.38.30:597][830]LogNativeClassHierarchy: Verbose: Native class hierarchy updated for 'workdemo' in 0.0003 seconds. Added 3 classes and 2 folders.
[2025.08.25-12.38.30:603][830]Display: HotReload successful (12 functions remapped  0 scriptstructs remapped)
[2025.08.25-12.38.30:721][830]LogNativeClassHierarchy: Verbose: Native class hierarchy populated in 0.0072 seconds. Added 3882 classes and 945 folders.
[2025.08.25-12.38.30:721][830]Display: HotReload took  2.4s.
[2025.08.25-12.38.32:225][909]LogTemp: Repeating last play command: Selected Viewport
[2025.08.25-12.38.32:232][909]LogPlayLevel: PlayLevel: No blueprints needed recompiling
[2025.08.25-12.38.32:232][909]PIE: New page: PIE session: M_Debug (2025年8月26日 上午4:38:32)
[2025.08.25-12.38.32:254][909]LogPlayLevel: Creating play world package: /Game/Maps/UEDPIE_0_M_Debug
[2025.08.25-12.38.32:256][909]LogPlayLevel: PIE: StaticDuplicateObject took: (0.002031s)
[2025.08.25-12.38.32:257][909]LogAIModule: Creating AISystem for world M_Debug
[2025.08.25-12.38.32:257][909]LogPlayLevel: PIE: World Init took: (0.000931s)
[2025.08.25-12.38.32:257][909]LogPlayLevel: PIE: Created PIE world by copying editor world from /Game/Maps/M_Debug.M_Debug to /Game/Maps/UEDPIE_0_M_Debug.M_Debug (0.003095s)
[2025.08.25-12.38.32:320][909]LogUObjectHash: Compacting FUObjectHashTables data took   3.53ms
[2025.08.25-12.38.32:321][909]LogAudio: Display: Creating Audio Device:                 Id: 10, Scope: Unique, Realtime: True
[2025.08.25-12.38.32:321][909]LogAudioMixer: Display: Audio Mixer Platform Settings:
[2025.08.25-12.38.32:321][909]LogAudioMixer: Display: 	Sample Rate:						  48000
[2025.08.25-12.38.32:321][909]LogAudioMixer: Display: 	Callback Buffer Frame Size Requested: 1024
[2025.08.25-12.38.32:321][909]LogAudioMixer: Display: 	Callback Buffer Frame Size To Use:	  1024
[2025.08.25-12.38.32:321][909]LogAudioMixer: Display: 	Number of buffers to queue:			  2
[2025.08.25-12.38.32:321][909]LogAudioMixer: Display: 	Max Channels (voices):				  32
[2025.08.25-12.38.32:321][909]LogAudioMixer: Display: 	Number of Async Source Workers:		  0
[2025.08.25-12.38.32:321][909]LogAudio: Display: AudioDevice MaxSources: 32
[2025.08.25-12.38.32:321][909]LogAudio: Display: Audio Spatialization Plugin: None (built-in).
[2025.08.25-12.38.32:321][909]LogAudio: Display: Audio Reverb Plugin: None (built-in).
[2025.08.25-12.38.32:321][909]LogAudio: Display: Audio Occlusion Plugin: None (built-in).
[2025.08.25-12.38.32:321][909]LogAudioMixer: Display: Initializing audio mixer.
[2025.08.25-12.38.32:325][909]LogAudioMixer: Display: 0: FrontLeft
[2025.08.25-12.38.32:325][909]LogAudioMixer: Display: 1: FrontRight
[2025.08.25-12.38.32:420][909]LogAudioMixer: Display: Using Audio Device 扬声器 (Realtek(R) Audio)
[2025.08.25-12.38.32:420][909]LogAudioMixer: Display: Initializing Sound Submixes...
[2025.08.25-12.38.32:420][909]LogAudioMixer: Display: Creating Master Submix 'MasterSubmixDefault'
[2025.08.25-12.38.32:420][909]LogAudioMixer: Display: Creating Master Submix 'MasterReverbSubmixDefault'
[2025.08.25-12.38.32:422][909]LogAudioMixer: Display: Creating Master Submix 'MasterEQSubmixDefault'
[2025.08.25-12.38.32:422][909]LogAudioMixer: FMixerPlatformXAudio2::StartAudioStream() called
[2025.08.25-12.38.32:422][909]LogAudioMixer: Display: Output buffers initialized: Frames=1024, Channels=2, Samples=2048
[2025.08.25-12.38.32:423][909]LogAudioMixer: Display: Starting AudioMixerPlatformInterface::RunInternal()
[2025.08.25-12.38.32:423][909]LogAudioMixer: Display: FMixerPlatformXAudio2::SubmitBuffer() called for the first time
[2025.08.25-12.38.32:423][909]LogInit: FAudioDevice initialized.
[2025.08.25-12.38.32:423][909]LogAudio: Display: Audio Device (ID: 10) registered with world 'M_Debug'.
[2025.08.25-12.38.32:431][909]LogLoad: Game class is 'GM_workdemoGameModeBase_C'
[2025.08.25-12.38.32:432][909]LogWorld: Bringing World /Game/Maps/UEDPIE_0_M_Debug.M_Debug up for play (max tick rate 60) at 2025.08.25-20.38.32
[2025.08.25-12.38.32:432][909]LogWorld: Bringing up level for play took: 0.000536
[2025.08.25-12.38.32:432][909]LogOnline: OSS: Creating online subsystem instance for: :Context_19
[2025.08.25-12.38.32:435][909]PIE: Server logged in
[2025.08.25-12.38.32:436][909]PIE: Play in editor total start time 0.205 seconds.
[2025.08.25-12.38.37:605][217]LogSlate: Updating window title bar state: overlay mode, drag disabled, window buttons hidden, title bar hidden
[2025.08.25-12.38.37:605][217]LogWorld: BeginTearingDown for /Game/Maps/UEDPIE_0_M_Debug
[2025.08.25-12.38.37:605][217]LogWorld: UWorld::CleanupWorld for M_Debug, bSessionEnded=true, bCleanupResources=true
[2025.08.25-12.38.37:605][217]LogSlate: InvalidateAllWidgets triggered.  All widgets were invalidated
[2025.08.25-12.38.37:612][217]LogPlayLevel: Display: Shutting down PIE online subsystems
[2025.08.25-12.38.37:617][217]LogSlate: InvalidateAllWidgets triggered.  All widgets were invalidated
[2025.08.25-12.38.37:642][217]LogAudio: Display: Audio Device unregistered from world 'None'.
[2025.08.25-12.38.37:642][217]LogAudioMixer: FMixerPlatformXAudio2::StopAudioStream() called
[2025.08.25-12.38.37:643][217]LogAudioMixer: FMixerPlatformXAudio2::StopAudioStream() called
[2025.08.25-12.38.37:645][217]LogSlate: Updating window title bar state: overlay mode, drag disabled, window buttons hidden, title bar hidden
[2025.08.25-12.38.37:656][217]LogUObjectHash: Compacting FUObjectHashTables data took   2.64ms
[2025.08.25-12.38.37:676][218]LogPlayLevel: Display: Destroying online subsystem :Context_19
[2025.08.25-12.46.40:890][726]Candidate modules for hot reload:
[2025.08.25-12.46.40:890][726]  workdemo
[2025.08.25-12.46.40:890][726]Launching UnrealBuildTool... [F:/epic/UE_4.27/Engine/Binaries/DotNET/UnrealBuildTool.exe  -ModuleWithSuffix=workdemo,6039 workdemoEditor Win64 Development -Project="E:/programs/UE4_learn/workdemo/workdemo.uproject" "E:/programs/UE4_learn/workdemo/workdemo.uproject"  -IgnoreJunk]
[2025.08.25-12.46.40:900][726]Warning: Starting HotReload took  0.0s.
[2025.08.25-12.46.44:152][907]CompilerResultsLog: New page: Compilation - 2025年8月26日 上午4:46:44
[2025.08.25-12.46.44:152][907]CompilerResultsLog: Using 'git status' to determine working set for adaptive non-unity build (E:\programs\UE4_learn\workdemo).
[2025.08.25-12.46.44:152][907]CompilerResultsLog: Creating makefile for workdemoEditor (command line arguments changed)
[2025.08.25-12.46.44:152][907]CompilerResultsLog: Building workdemoEditor...
[2025.08.25-12.46.44:152][907]CompilerResultsLog: Using Visual Studio 2022 14.44.35215 toolchain (D:\software\gamedev\VC\Tools\MSVC\14.44.35207) and Windows 10.0.26100.0 SDK (C:\Program Files (x86)\Windows Kits\10).
[2025.08.25-12.46.44:152][907]CompilerResultsLog: Building 7 actions with 20 processes...
[2025.08.25-12.46.44:152][907]CompilerResultsLog:   [1/7] workdemoGameModeBase.cpp
[2025.08.25-12.46.44:152][907]CompilerResultsLog:   [2/7] CharacterPlayerBase.gen.cpp
[2025.08.25-12.46.44:152][907]CompilerResultsLog:   [3/7] workdemoGameModeBase.gen.cpp
[2025.08.25-12.46.44:152][907]CompilerResultsLog:   [4/7] CharacterPlayerBase.cpp
[2025.08.25-12.46.44:152][907]CompilerResultsLog:   [5/7] UE4Editor-workdemo-6039.lib
[2025.08.25-12.46.44:152][907]CompilerResultsLog:     ???ڴ????? E:\programs\UE4_learn\workdemo\Intermediate\Build\Win64\UE4Editor\Development\workdemo\UE4Editor-workdemo-6039.lib ?Ͷ??? E:\programs\UE4_learn\workdemo\Intermediate\Build\Win64\UE4Editor\Development\workdemo\UE4Editor-workdemo-6039.exp
[2025.08.25-12.46.44:152][907]CompilerResultsLog:   [6/7] UE4Editor-workdemo-6039.dll
[2025.08.25-12.46.44:152][907]CompilerResultsLog:     ???ڴ????? E:\programs\UE4_learn\workdemo\Intermediate\Build\Win64\UE4Editor\Development\workdemo\UE4Editor-workdemo-6039.suppressed.lib ?Ͷ??? E:\programs\UE4_learn\workdemo\Intermediate\Build\Win64\UE4Editor\Development\workdemo\UE4Editor-workdemo-6039.suppressed.exp
[2025.08.25-12.46.44:152][907]CompilerResultsLog: Error:   CharacterPlayerBase.gen.cpp.obj : error LNK2019: ?޷????????ⲿ???? "protected: void __cdecl ACharacterPlayerBase::OnAttackAnimationCancelled(void)" (?OnAttackAnimationCancelled@ACharacterPlayerBase@@IEAAXXZ)?????? "public: static void __cdecl ACharacterPlayerBase::execOnAttackAnimationCancelled(class UObject *,struct FFrame &,void * const)" (?execOnAttackAnimationCancelled@ACharacterPlayerBase@@SAXPEAVUObject@@AEAUFFrame@@QEAX@Z) ???????˸÷???
[2025.08.25-12.46.44:152][907]CompilerResultsLog: Error:   E:\programs\UE4_learn\workdemo\Binaries\Win64\UE4Editor-workdemo-6039.dll : fatal error LNK1120: 1 ???޷????????ⲿ???
[2025.08.25-12.46.44:152][907]LogMainFrame: MainFrame: Module compiling took 3.267 seconds
[2025.08.25-12.46.44:153][907]Warning: HotReload failed, recompile failed
[2025.08.25-12.46.46:624][ 51]LogSlate: Took 0.003659 seconds to synchronously load lazily loaded font '../../../Engine/Content/Slate/Fonts/DroidSansFallback.ttf' (3848K)
[2025.08.25-12.46.46:632][ 51]LogSlate: Last resort fallback font was requested. Font: '../../../Engine/Content/Slate/Fonts/DroidSansFallback.ttf', Character: 'Ͷ (U+0376)'
[2025.08.25-12.46.46:636][ 51]LogSlate: Took 0.004268 seconds to synchronously load lazily loaded font '../../../Engine/Content/SlateDebug/Fonts/LastResort.ttf' (5269K)
[2025.08.25-12.46.46:639][ 51]LogSlate: Took 0.000576 seconds to synchronously load lazily loaded font '../../../Engine/Content/Slate/Fonts/NotoNaskhArabicUI-Regular.ttf' (144K)
[2025.08.25-12.47.03:449][ 60]LogSlate: Window 'Message Log' being destroyed
[2025.08.25-12.47.03:458][ 60]LogSlate: Window 'Message Log' being destroyed
[2025.08.25-12.47.21:441][166]Candidate modules for hot reload:
[2025.08.25-12.47.21:441][166]  workdemo
[2025.08.25-12.47.21:441][166]Launching UnrealBuildTool... [F:/epic/UE_4.27/Engine/Binaries/DotNET/UnrealBuildTool.exe  -ModuleWithSuffix=workdemo,7257 workdemoEditor Win64 Development -Project="E:/programs/UE4_learn/workdemo/workdemo.uproject" "E:/programs/UE4_learn/workdemo/workdemo.uproject"  -IgnoreJunk]
[2025.08.25-12.47.21:454][166]Warning: Starting HotReload took  0.0s.
[2025.08.25-12.47.21:863][178]CompilerResultsLog: New page: Compilation - 2025年8月26日 上午4:47:21
[2025.08.25-12.47.21:863][178]CompilerResultsLog: ERROR: A conflicting instance of UnrealBuildTool is already running.
[2025.08.25-12.47.21:863][178]LogMainFrame: MainFrame: Module compiling took 0.429 seconds
[2025.08.25-12.47.21:864][178]Warning: HotReload failed, recompile failed
[2025.08.25-12.47.35:094][322]Candidate modules for hot reload:
[2025.08.25-12.47.35:094][322]  workdemo
[2025.08.25-12.47.35:094][322]Launching UnrealBuildTool... [F:/epic/UE_4.27/Engine/Binaries/DotNET/UnrealBuildTool.exe  -ModuleWithSuffix=workdemo,7198 workdemoEditor Win64 Development -Project="E:/programs/UE4_learn/workdemo/workdemo.uproject" "E:/programs/UE4_learn/workdemo/workdemo.uproject"  -IgnoreJunk]
[2025.08.25-12.47.35:103][322]Warning: Starting HotReload took  0.0s.
[2025.08.25-12.47.36:485][389]CompilerResultsLog: New page: Compilation - 2025年8月26日 上午4:47:36
[2025.08.25-12.47.36:485][389]CompilerResultsLog: Using 'git status' to determine working set for adaptive non-unity build (E:\programs\UE4_learn\workdemo).
[2025.08.25-12.47.36:485][389]CompilerResultsLog: Building workdemoEditor...
[2025.08.25-12.47.36:485][389]CompilerResultsLog: Using Visual Studio 2022 14.44.35215 toolchain (D:\software\gamedev\VC\Tools\MSVC\14.44.35207) and Windows 10.0.26100.0 SDK (C:\Program Files (x86)\Windows Kits\10).
[2025.08.25-12.47.36:485][389]CompilerResultsLog: Building 3 actions with 20 processes...
[2025.08.25-12.47.36:485][389]CompilerResultsLog:   [1/3] UE4Editor-workdemo-7198.lib
[2025.08.25-12.47.36:485][389]CompilerResultsLog:     ???ڴ????? E:\programs\UE4_learn\workdemo\Intermediate\Build\Win64\UE4Editor\Development\workdemo\UE4Editor-workdemo-7198.lib ?Ͷ??? E:\programs\UE4_learn\workdemo\Intermediate\Build\Win64\UE4Editor\Development\workdemo\UE4Editor-workdemo-7198.exp
[2025.08.25-12.47.36:485][389]CompilerResultsLog:   [2/3] UE4Editor-workdemo-7198.dll
[2025.08.25-12.47.36:485][389]CompilerResultsLog:     ???ڴ????? E:\programs\UE4_learn\workdemo\Intermediate\Build\Win64\UE4Editor\Development\workdemo\UE4Editor-workdemo-7198.suppressed.lib ?Ͷ??? E:\programs\UE4_learn\workdemo\Intermediate\Build\Win64\UE4Editor\Development\workdemo\UE4Editor-workdemo-7198.suppressed.exp
[2025.08.25-12.47.36:485][389]CompilerResultsLog:   [3/3] workdemoEditor.target
[2025.08.25-12.47.36:485][389]CompilerResultsLog: Total time in Parallel executor: 0.71 seconds
[2025.08.25-12.47.36:485][389]CompilerResultsLog: Total execution time: 1.30 seconds
[2025.08.25-12.47.36:485][389]LogMainFrame: MainFrame: Module compiling took 1.397 seconds
[2025.08.25-12.47.36:500][389]LogClass: Could not find existing class CharacterPlayerBase in package /Script/workdemo for HotReload, assuming new class
[2025.08.25-12.47.36:500][389]LogClass: Function EndAttack is new.
[2025.08.25-12.47.36:500][389]LogClass: Function EndJump is new.
[2025.08.25-12.47.36:500][389]LogClass: Function EndRotateLeft is new.
[2025.08.25-12.47.36:500][389]LogClass: Function EndRotateRight is new.
[2025.08.25-12.47.36:500][389]LogClass: Function Move_X is new.
[2025.08.25-12.47.36:500][389]LogClass: Function Move_Y is new.
[2025.08.25-12.47.36:500][389]LogClass: Function OnAttackAnimationCompleted is new.
[2025.08.25-12.47.36:500][389]LogClass: Function StartAttack is new.
[2025.08.25-12.47.36:500][389]LogClass: Function StartJump is new.
[2025.08.25-12.47.36:500][389]LogClass: Function StartRotateLeft is new.
[2025.08.25-12.47.36:500][389]LogClass: Function StartRotateRight is new.
[2025.08.25-12.47.36:513][389]LogHotReload: Re-instancing CharacterPlayerBase after hot-reload.
[2025.08.25-12.47.36:568][389]LogNativeClassHierarchy: Verbose: Native class hierarchy updated for 'workdemo' in 0.0003 seconds. Added 3 classes and 2 folders.
[2025.08.25-12.47.36:574][389]Display: HotReload successful (0 functions remapped  0 scriptstructs remapped)
[2025.08.25-12.47.36:702][389]LogNativeClassHierarchy: Verbose: Native class hierarchy populated in 0.0068 seconds. Added 3882 classes and 945 folders.
[2025.08.25-12.47.36:702][389]Display: HotReload took  1.6s.
[2025.08.25-12.47.37:982][455]LogTemp: Repeating last play command: Selected Viewport
[2025.08.25-12.47.37:990][455]LogPlayLevel: PlayLevel: No blueprints needed recompiling
[2025.08.25-12.47.37:990][455]PIE: New page: PIE session: M_Debug (2025年8月26日 上午4:47:37)
[2025.08.25-12.47.37:990][455]LogPlayLevel: Creating play world package: /Game/Maps/UEDPIE_0_M_Debug
[2025.08.25-12.47.37:991][455]LogPlayLevel: PIE: StaticDuplicateObject took: (0.001989s)
[2025.08.25-12.47.37:992][455]LogAIModule: Creating AISystem for world M_Debug
[2025.08.25-12.47.37:992][455]LogPlayLevel: PIE: World Init took: (0.000960s)
[2025.08.25-12.47.37:992][455]LogPlayLevel: PIE: Created PIE world by copying editor world from /Game/Maps/M_Debug.M_Debug to /Game/Maps/UEDPIE_0_M_Debug.M_Debug (0.003062s)
[2025.08.25-12.47.38:051][455]LogUObjectHash: Compacting FUObjectHashTables data took   3.37ms
[2025.08.25-12.47.38:051][455]LogAudio: Display: Creating Audio Device:                 Id: 11, Scope: Unique, Realtime: True
[2025.08.25-12.47.38:051][455]LogAudioMixer: Display: Audio Mixer Platform Settings:
[2025.08.25-12.47.38:051][455]LogAudioMixer: Display: 	Sample Rate:						  48000
[2025.08.25-12.47.38:051][455]LogAudioMixer: Display: 	Callback Buffer Frame Size Requested: 1024
[2025.08.25-12.47.38:051][455]LogAudioMixer: Display: 	Callback Buffer Frame Size To Use:	  1024
[2025.08.25-12.47.38:051][455]LogAudioMixer: Display: 	Number of buffers to queue:			  2
[2025.08.25-12.47.38:052][455]LogAudioMixer: Display: 	Max Channels (voices):				  32
[2025.08.25-12.47.38:052][455]LogAudioMixer: Display: 	Number of Async Source Workers:		  0
[2025.08.25-12.47.38:052][455]LogAudio: Display: AudioDevice MaxSources: 32
[2025.08.25-12.47.38:052][455]LogAudio: Display: Audio Spatialization Plugin: None (built-in).
[2025.08.25-12.47.38:052][455]LogAudio: Display: Audio Reverb Plugin: None (built-in).
[2025.08.25-12.47.38:052][455]LogAudio: Display: Audio Occlusion Plugin: None (built-in).
[2025.08.25-12.47.38:052][455]LogAudioMixer: Display: Initializing audio mixer.
[2025.08.25-12.47.38:055][455]LogAudioMixer: Display: 0: FrontLeft
[2025.08.25-12.47.38:055][455]LogAudioMixer: Display: 1: FrontRight
[2025.08.25-12.47.38:146][455]LogAudioMixer: Display: Using Audio Device 扬声器 (Realtek(R) Audio)
[2025.08.25-12.47.38:146][455]LogAudioMixer: Display: Initializing Sound Submixes...
[2025.08.25-12.47.38:146][455]LogAudioMixer: Display: Creating Master Submix 'MasterSubmixDefault'
[2025.08.25-12.47.38:146][455]LogAudioMixer: Display: Creating Master Submix 'MasterReverbSubmixDefault'
[2025.08.25-12.47.38:147][455]LogAudioMixer: Display: Creating Master Submix 'MasterEQSubmixDefault'
[2025.08.25-12.47.38:147][455]LogAudioMixer: FMixerPlatformXAudio2::StartAudioStream() called
[2025.08.25-12.47.38:147][455]LogAudioMixer: Display: Output buffers initialized: Frames=1024, Channels=2, Samples=2048
[2025.08.25-12.47.38:148][455]LogAudioMixer: Display: Starting AudioMixerPlatformInterface::RunInternal()
[2025.08.25-12.47.38:148][455]LogAudioMixer: Display: FMixerPlatformXAudio2::SubmitBuffer() called for the first time
[2025.08.25-12.47.38:148][455]LogInit: FAudioDevice initialized.
[2025.08.25-12.47.38:148][455]LogAudio: Display: Audio Device (ID: 11) registered with world 'M_Debug'.
[2025.08.25-12.47.38:156][455]LogLoad: Game class is 'GM_workdemoGameModeBase_C'
[2025.08.25-12.47.38:157][455]LogWorld: Bringing World /Game/Maps/UEDPIE_0_M_Debug.M_Debug up for play (max tick rate 60) at 2025.08.25-20.47.38
[2025.08.25-12.47.38:158][455]LogWorld: Bringing up level for play took: 0.000510
[2025.08.25-12.47.38:158][455]LogOnline: OSS: Creating online subsystem instance for: :Context_20
[2025.08.25-12.47.38:160][455]PIE: Server logged in
[2025.08.25-12.47.38:160][455]PIE: Play in editor total start time 0.173 seconds.
[2025.08.25-12.48.16:255][226]LogSlate: Updating window title bar state: overlay mode, drag disabled, window buttons hidden, title bar hidden
[2025.08.25-12.48.16:255][226]LogWorld: BeginTearingDown for /Game/Maps/UEDPIE_0_M_Debug
[2025.08.25-12.48.16:255][226]LogWorld: UWorld::CleanupWorld for M_Debug, bSessionEnded=true, bCleanupResources=true
[2025.08.25-12.48.16:255][226]LogSlate: InvalidateAllWidgets triggered.  All widgets were invalidated
[2025.08.25-12.48.16:264][226]LogPlayLevel: Display: Shutting down PIE online subsystems
[2025.08.25-12.48.16:269][226]LogSlate: InvalidateAllWidgets triggered.  All widgets were invalidated
[2025.08.25-12.48.16:297][226]LogAudio: Display: Audio Device unregistered from world 'None'.
[2025.08.25-12.48.16:297][226]LogAudioMixer: FMixerPlatformXAudio2::StopAudioStream() called
[2025.08.25-12.48.16:298][226]LogAudioMixer: FMixerPlatformXAudio2::StopAudioStream() called
[2025.08.25-12.48.16:299][226]LogSlate: Updating window title bar state: overlay mode, drag disabled, window buttons hidden, title bar hidden
[2025.08.25-12.48.16:302][226]LogUObjectHash: Compacting FUObjectHashTables data took   2.81ms
[2025.08.25-12.48.16:321][227]LogPlayLevel: Display: Destroying online subsystem :Context_20
[2025.08.25-12.48.16:644][246]Candidate modules for hot reload:
[2025.08.25-12.48.16:644][246]  workdemo
[2025.08.25-12.48.16:644][246]Launching UnrealBuildTool... [F:/epic/UE_4.27/Engine/Binaries/DotNET/UnrealBuildTool.exe  -ModuleWithSuffix=workdemo,6343 workdemoEditor Win64 Development -Project="E:/programs/UE4_learn/workdemo/workdemo.uproject" "E:/programs/UE4_learn/workdemo/workdemo.uproject"  -IgnoreJunk]
[2025.08.25-12.48.16:653][246]Warning: Starting HotReload took  0.0s.
[2025.08.25-12.48.18:701][353]CompilerResultsLog: New page: Compilation - 2025年8月26日 上午4:48:18
[2025.08.25-12.48.18:701][353]CompilerResultsLog: Using 'git status' to determine working set for adaptive non-unity build (E:\programs\UE4_learn\workdemo).
[2025.08.25-12.48.18:701][353]CompilerResultsLog: Building workdemoEditor...
[2025.08.25-12.48.18:701][353]CompilerResultsLog: Using Visual Studio 2022 14.44.35215 toolchain (D:\software\gamedev\VC\Tools\MSVC\14.44.35207) and Windows 10.0.26100.0 SDK (C:\Program Files (x86)\Windows Kits\10).
[2025.08.25-12.48.18:701][353]CompilerResultsLog: Building 4 actions with 20 processes...
[2025.08.25-12.48.18:701][353]CompilerResultsLog:   [1/4] CharacterPlayerBase.cpp
[2025.08.25-12.48.18:701][353]CompilerResultsLog:   [2/4] UE4Editor-workdemo-6343.lib
[2025.08.25-12.48.18:701][353]CompilerResultsLog:     ???ڴ????? E:\programs\UE4_learn\workdemo\Intermediate\Build\Win64\UE4Editor\Development\workdemo\UE4Editor-workdemo-6343.lib ?Ͷ??? E:\programs\UE4_learn\workdemo\Intermediate\Build\Win64\UE4Editor\Development\workdemo\UE4Editor-workdemo-6343.exp
[2025.08.25-12.48.18:701][353]CompilerResultsLog:   [3/4] UE4Editor-workdemo-6343.dll
[2025.08.25-12.48.18:701][353]CompilerResultsLog:     ???ڴ????? E:\programs\UE4_learn\workdemo\Intermediate\Build\Win64\UE4Editor\Development\workdemo\UE4Editor-workdemo-6343.suppressed.lib ?Ͷ??? E:\programs\UE4_learn\workdemo\Intermediate\Build\Win64\UE4Editor\Development\workdemo\UE4Editor-workdemo-6343.suppressed.exp
[2025.08.25-12.48.18:701][353]CompilerResultsLog:   [4/4] workdemoEditor.target
[2025.08.25-12.48.18:701][353]CompilerResultsLog: Total time in Parallel executor: 1.39 seconds
[2025.08.25-12.48.18:701][353]CompilerResultsLog: Total execution time: 1.96 seconds
[2025.08.25-12.48.18:701][353]LogMainFrame: MainFrame: Module compiling took 2.061 seconds
[2025.08.25-12.48.18:722][353]LogNativeClassHierarchy: Verbose: Native class hierarchy updated for 'workdemo' in 0.0002 seconds. Added 3 classes and 2 folders.
[2025.08.25-12.48.18:727][353]Display: HotReload successful (11 functions remapped  0 scriptstructs remapped)
[2025.08.25-12.48.18:847][353]LogNativeClassHierarchy: Verbose: Native class hierarchy populated in 0.0078 seconds. Added 3882 classes and 945 folders.
[2025.08.25-12.48.18:847][353]Display: HotReload took  2.2s.
[2025.08.25-12.48.21:310][490]LogTemp: Repeating last play command: Selected Viewport
[2025.08.25-12.48.21:316][490]LogPlayLevel: PlayLevel: No blueprints needed recompiling
[2025.08.25-12.48.21:316][490]PIE: New page: PIE session: M_Debug (2025年8月26日 上午4:48:21)
[2025.08.25-12.48.21:316][490]LogPlayLevel: Creating play world package: /Game/Maps/UEDPIE_0_M_Debug
[2025.08.25-12.48.21:317][490]LogPlayLevel: PIE: StaticDuplicateObject took: (0.001655s)
[2025.08.25-12.48.21:318][490]LogAIModule: Creating AISystem for world M_Debug
[2025.08.25-12.48.21:318][490]LogPlayLevel: PIE: World Init took: (0.000830s)
[2025.08.25-12.48.21:318][490]LogPlayLevel: PIE: Created PIE world by copying editor world from /Game/Maps/M_Debug.M_Debug to /Game/Maps/UEDPIE_0_M_Debug.M_Debug (0.002600s)
[2025.08.25-12.48.21:375][490]LogUObjectHash: Compacting FUObjectHashTables data took   3.51ms
[2025.08.25-12.48.21:375][490]LogAudio: Display: Creating Audio Device:                 Id: 12, Scope: Unique, Realtime: True
[2025.08.25-12.48.21:375][490]LogAudioMixer: Display: Audio Mixer Platform Settings:
[2025.08.25-12.48.21:375][490]LogAudioMixer: Display: 	Sample Rate:						  48000
[2025.08.25-12.48.21:375][490]LogAudioMixer: Display: 	Callback Buffer Frame Size Requested: 1024
[2025.08.25-12.48.21:375][490]LogAudioMixer: Display: 	Callback Buffer Frame Size To Use:	  1024
[2025.08.25-12.48.21:375][490]LogAudioMixer: Display: 	Number of buffers to queue:			  2
[2025.08.25-12.48.21:375][490]LogAudioMixer: Display: 	Max Channels (voices):				  32
[2025.08.25-12.48.21:375][490]LogAudioMixer: Display: 	Number of Async Source Workers:		  0
[2025.08.25-12.48.21:375][490]LogAudio: Display: AudioDevice MaxSources: 32
[2025.08.25-12.48.21:376][490]LogAudio: Display: Audio Spatialization Plugin: None (built-in).
[2025.08.25-12.48.21:376][490]LogAudio: Display: Audio Reverb Plugin: None (built-in).
[2025.08.25-12.48.21:376][490]LogAudio: Display: Audio Occlusion Plugin: None (built-in).
[2025.08.25-12.48.21:376][490]LogAudioMixer: Display: Initializing audio mixer.
[2025.08.25-12.48.21:379][490]LogAudioMixer: Display: 0: FrontLeft
[2025.08.25-12.48.21:379][490]LogAudioMixer: Display: 1: FrontRight
[2025.08.25-12.48.21:477][490]LogAudioMixer: Display: Using Audio Device 扬声器 (Realtek(R) Audio)
[2025.08.25-12.48.21:477][490]LogAudioMixer: Display: Initializing Sound Submixes...
[2025.08.25-12.48.21:477][490]LogAudioMixer: Display: Creating Master Submix 'MasterSubmixDefault'
[2025.08.25-12.48.21:478][490]LogAudioMixer: Display: Creating Master Submix 'MasterReverbSubmixDefault'
[2025.08.25-12.48.21:478][490]LogAudioMixer: Display: Creating Master Submix 'MasterEQSubmixDefault'
[2025.08.25-12.48.21:478][490]LogAudioMixer: FMixerPlatformXAudio2::StartAudioStream() called
[2025.08.25-12.48.21:478][490]LogAudioMixer: Display: Output buffers initialized: Frames=1024, Channels=2, Samples=2048
[2025.08.25-12.48.21:479][490]LogAudioMixer: Display: Starting AudioMixerPlatformInterface::RunInternal()
[2025.08.25-12.48.21:479][490]LogAudioMixer: Display: FMixerPlatformXAudio2::SubmitBuffer() called for the first time
[2025.08.25-12.48.21:479][490]LogInit: FAudioDevice initialized.
[2025.08.25-12.48.21:479][490]LogAudio: Display: Audio Device (ID: 12) registered with world 'M_Debug'.
[2025.08.25-12.48.21:489][490]LogLoad: Game class is 'GM_workdemoGameModeBase_C'
[2025.08.25-12.48.21:490][490]LogWorld: Bringing World /Game/Maps/UEDPIE_0_M_Debug.M_Debug up for play (max tick rate 60) at 2025.08.25-20.48.21
[2025.08.25-12.48.21:490][490]LogWorld: Bringing up level for play took: 0.000508
[2025.08.25-12.48.21:490][490]LogOnline: OSS: Creating online subsystem instance for: :Context_21
[2025.08.25-12.48.21:494][490]PIE: Server logged in
[2025.08.25-12.48.21:494][490]PIE: Play in editor total start time 0.18 seconds.
[2025.08.25-12.50.01:045][115]LogSlate: Updating window title bar state: overlay mode, drag disabled, window buttons hidden, title bar hidden
[2025.08.25-12.50.01:045][115]LogWorld: BeginTearingDown for /Game/Maps/UEDPIE_0_M_Debug
[2025.08.25-12.50.01:045][115]LogWorld: UWorld::CleanupWorld for M_Debug, bSessionEnded=true, bCleanupResources=true
[2025.08.25-12.50.01:045][115]LogSlate: InvalidateAllWidgets triggered.  All widgets were invalidated
[2025.08.25-12.50.01:054][115]LogPlayLevel: Display: Shutting down PIE online subsystems
[2025.08.25-12.50.01:059][115]LogSlate: InvalidateAllWidgets triggered.  All widgets were invalidated
[2025.08.25-12.50.01:087][115]LogAudio: Display: Audio Device unregistered from world 'None'.
[2025.08.25-12.50.01:087][115]LogAudioMixer: FMixerPlatformXAudio2::StopAudioStream() called
[2025.08.25-12.50.01:088][115]LogAudioMixer: FMixerPlatformXAudio2::StopAudioStream() called
[2025.08.25-12.50.01:090][115]LogSlate: Updating window title bar state: overlay mode, drag disabled, window buttons hidden, title bar hidden
[2025.08.25-12.50.01:093][115]LogUObjectHash: Compacting FUObjectHashTables data took   3.13ms
[2025.08.25-12.50.01:127][117]LogPlayLevel: Display: Destroying online subsystem :Context_21
[2025.08.25-12.50.01:609][145]Candidate modules for hot reload:
[2025.08.25-12.50.01:609][145]  workdemo
[2025.08.25-12.50.01:609][145]Launching UnrealBuildTool... [F:/epic/UE_4.27/Engine/Binaries/DotNET/UnrealBuildTool.exe  -ModuleWithSuffix=workdemo,4710 workdemoEditor Win64 Development -Project="E:/programs/UE4_learn/workdemo/workdemo.uproject" "E:/programs/UE4_learn/workdemo/workdemo.uproject"  -IgnoreJunk]
[2025.08.25-12.50.01:618][145]Warning: Starting HotReload took  0.0s.
[2025.08.25-12.50.05:230][194]CompilerResultsLog: New page: Compilation - 2025年8月26日 上午4:50:05
[2025.08.25-12.50.05:230][194]CompilerResultsLog: Using 'git status' to determine working set for adaptive non-unity build (E:\programs\UE4_learn\workdemo).
[2025.08.25-12.50.05:230][194]CompilerResultsLog: Creating makefile for workdemoEditor (command line arguments changed)
[2025.08.25-12.50.05:230][194]CompilerResultsLog: Building workdemoEditor...
[2025.08.25-12.50.05:230][194]CompilerResultsLog: Using Visual Studio 2022 14.44.35215 toolchain (D:\software\gamedev\VC\Tools\MSVC\14.44.35207) and Windows 10.0.26100.0 SDK (C:\Program Files (x86)\Windows Kits\10).
[2025.08.25-12.50.05:230][194]CompilerResultsLog: Building 8 actions with 20 processes...
[2025.08.25-12.50.05:230][194]CompilerResultsLog:   [1/8] workdemo.init.gen.cpp
[2025.08.25-12.50.05:230][194]CompilerResultsLog:   [2/8] workdemoGameModeBase.cpp
[2025.08.25-12.50.05:230][194]CompilerResultsLog:   [3/8] CharacterPlayerBase.gen.cpp
[2025.08.25-12.50.05:230][194]CompilerResultsLog:   [4/8] workdemoGameModeBase.gen.cpp
[2025.08.25-12.50.05:230][194]CompilerResultsLog:   [5/8] CharacterPlayerBase.cpp
[2025.08.25-12.50.05:230][194]CompilerResultsLog:   [6/8] UE4Editor-workdemo-4710.lib
[2025.08.25-12.50.05:230][194]CompilerResultsLog:     ???ڴ????? E:\programs\UE4_learn\workdemo\Intermediate\Build\Win64\UE4Editor\Development\workdemo\UE4Editor-workdemo-4710.lib ?Ͷ??? E:\programs\UE4_learn\workdemo\Intermediate\Build\Win64\UE4Editor\Development\workdemo\UE4Editor-workdemo-4710.exp
[2025.08.25-12.50.05:230][194]CompilerResultsLog:   [7/8] UE4Editor-workdemo-4710.dll
[2025.08.25-12.50.05:230][194]CompilerResultsLog:     ???ڴ????? E:\programs\UE4_learn\workdemo\Intermediate\Build\Win64\UE4Editor\Development\workdemo\UE4Editor-workdemo-4710.suppressed.lib ?Ͷ??? E:\programs\UE4_learn\workdemo\Intermediate\Build\Win64\UE4Editor\Development\workdemo\UE4Editor-workdemo-4710.suppressed.exp
[2025.08.25-12.50.05:230][194]CompilerResultsLog:   [8/8] workdemoEditor.target
[2025.08.25-12.50.05:230][194]CompilerResultsLog: Total time in Parallel executor: 1.60 seconds
[2025.08.25-12.50.05:230][194]CompilerResultsLog: Total execution time: 3.36 seconds
[2025.08.25-12.50.05:230][194]LogMainFrame: MainFrame: Module compiling took 3.627 seconds
[2025.08.25-12.50.05:240][194]LogClass: Could not find existing class CharacterPlayerBase in package /Script/workdemo for HotReload, assuming new class
[2025.08.25-12.50.05:240][194]LogClass: Function EndAttack is new.
[2025.08.25-12.50.05:240][194]LogClass: Function EndJump is new.
[2025.08.25-12.50.05:240][194]LogClass: Function EndRotateLeft is new.
[2025.08.25-12.50.05:240][194]LogClass: Function EndRotateRight is new.
[2025.08.25-12.50.05:240][194]LogClass: Function Move_X is new.
[2025.08.25-12.50.05:240][194]LogClass: Function Move_Y is new.
[2025.08.25-12.50.05:240][194]LogClass: Function OnAttackAnimationCompleted is new.
[2025.08.25-12.50.05:240][194]LogClass: Function StartAttack is new.
[2025.08.25-12.50.05:240][194]LogClass: Function StartJump is new.
[2025.08.25-12.50.05:240][194]LogClass: Function StartRotateLeft is new.
[2025.08.25-12.50.05:240][194]LogClass: Function StartRotateRight is new.
[2025.08.25-12.50.05:254][194]LogHotReload: Re-instancing CharacterPlayerBase after hot-reload.
[2025.08.25-12.50.05:311][194]LogNativeClassHierarchy: Verbose: Native class hierarchy updated for 'workdemo' in 0.0003 seconds. Added 3 classes and 2 folders.
[2025.08.25-12.50.05:317][194]Display: HotReload successful (0 functions remapped  0 scriptstructs remapped)
[2025.08.25-12.50.05:433][194]LogNativeClassHierarchy: Verbose: Native class hierarchy populated in 0.0079 seconds. Added 3882 classes and 945 folders.
[2025.08.25-12.50.05:433][194]Display: HotReload took  3.8s.
[2025.08.25-12.57.40:141][913]LogUObjectHash: Compacting FUObjectHashTables data took   4.73ms
[2025.08.25-12.57.40:142][913]LogFileHelpers: Editor autosave (incl. external actors) for '/Game/Maps/M_Debug' took 0.069
[2025.08.25-12.57.40:142][913]OBJ SavePackage: Generating thumbnails for [0] asset(s) in package [/Game/BluePrints/Characters/Player/BP_Character_Player_Base] ([2] browsable assets)...
[2025.08.25-12.57.40:142][913]OBJ SavePackage: Finished generating thumbnails for package [/Game/BluePrints/Characters/Player/BP_Character_Player_Base]
[2025.08.25-12.57.40:191][913]LogSavePackage: Moving 'E:/programs/UE4_learn/workdemo/Saved/BP_Character_Player_Base_Auto294E31910415E952FD6C56E838BD34110.tmp' to 'E:/programs/UE4_learn/workdemo/Saved/Autosaves/Game/BluePrints/Characters/Player/BP_Character_Player_Base_Auto2.uasset'
[2025.08.25-12.57.40:193][913]OBJ SavePackage: Generating thumbnails for [0] asset(s) in package [/Game/BluePrints/Characters/BP_Character_base] ([2] browsable assets)...
[2025.08.25-12.57.40:194][913]OBJ SavePackage: Finished generating thumbnails for package [/Game/BluePrints/Characters/BP_Character_base]
[2025.08.25-12.57.40:225][913]LogSavePackage: Moving 'E:/programs/UE4_learn/workdemo/Saved/BP_Character_base_Auto2DD48DFB74A1C305B0A296D9321434A8E.tmp' to 'E:/programs/UE4_learn/workdemo/Saved/Autosaves/Game/BluePrints/Characters/BP_Character_base_Auto2.uasset'
[2025.08.25-12.57.40:226][913]OBJ SavePackage: Generating thumbnails for [0] asset(s) in package [/Game/BluePrints/NotfyState/ANS_Attack] ([2] browsable assets)...
[2025.08.25-12.57.40:226][913]OBJ SavePackage: Finished generating thumbnails for package [/Game/BluePrints/NotfyState/ANS_Attack]
[2025.08.25-12.57.40:226][913]Cmd: OBJ SAVEPACKAGE PACKAGE="/Game/BluePrints/NotfyState/ANS_Attack" FILE="E:/programs/UE4_learn/workdemo/Saved/Autosaves/Game/BluePrints/NotfyState/ANS_Attack_Auto2.uasset" SILENT=false AUTOSAVING=true
[2025.08.25-12.57.40:230][913]LogSavePackage: Moving 'E:/programs/UE4_learn/workdemo/Saved/ANS_Attack_Auto25085EF2D4C78FF1BB45E23A33F8321A3.tmp' to 'E:/programs/UE4_learn/workdemo/Saved/Autosaves/Game/BluePrints/NotfyState/ANS_Attack_Auto2.uasset'
[2025.08.25-12.57.40:231][913]LogFileHelpers: Auto-saving content packages took 0.090
[2025.08.25-12.59.41:209][681]LogWindowsTextInputMethodSystem: Display: IME system deactivated.
[2025.08.25-12.59.41:215][681]LogWindowsTextInputMethodSystem: Display: IME system activated using TSF (微软拼音).
[2025.08.25-12.59.46:101][946]LogSelectionDetails: Warning: NavigateToFunctionSource:  Unable to find symbols for 'UPrimitiveComponent::SetCollisionEnabled' [找不到元素。]
[2025.08.25-13.00.30:381][311]LogWindowsTextInputMethodSystem: Display: IME system deactivated.
[2025.08.25-13.00.30:381][311]LogWindowsTextInputMethodSystem: Display: IME system deactivated.
[2025.08.25-13.01.20:867][678]BlueprintLog: New page: Compile BP_Character_base
[2025.08.25-13.01.20:968][678]LogUObjectHash: Compacting FUObjectHashTables data took   2.93ms
[2025.08.25-13.01.21:838][727]Cmd: OBJ SAVEPACKAGE PACKAGE="/Game/BluePrints/Characters/BP_Character_base" FILE="E:/programs/UE4_learn/workdemo/Content/BluePrints/Characters/BP_Character_base.uasset" SILENT=true
[2025.08.25-13.01.21:867][727]LogSavePackage: Moving 'E:/programs/UE4_learn/workdemo/Saved/BP_Character_base7226DDCC49891702B241629BDAE4C4EC.tmp' to 'E:/programs/UE4_learn/workdemo/Content/BluePrints/Characters/BP_Character_base.uasset'
[2025.08.25-13.01.21:881][727]AssetCheck: New page: Asset Save: BP_Character_base
[2025.08.25-13.01.21:881][727]LogContentValidation: Display: Validating Blueprint /Game/BluePrints/Characters/BP_Character_base.BP_Character_base
[2025.08.25-13.01.22:433][759]LogUObjectHash: Compacting FUObjectHashTables data took   2.89ms
[2025.08.25-13.01.22:495][759]LogSavePackage: Moving 'E:/programs/UE4_learn/workdemo/Saved/BP_Character_Player_Base3B40C8D94BE72E8A76D33693D10726A3.tmp' to 'E:/programs/UE4_learn/workdemo/Content/BluePrints/Characters/Player/BP_Character_Player_Base.uasset'
[2025.08.25-13.01.22:496][759]Cmd: OBJ SAVEPACKAGE PACKAGE="/Game/BluePrints/NotfyState/ANS_Attack" FILE="E:/programs/UE4_learn/workdemo/Content/BluePrints/NotfyState/ANS_Attack.uasset" SILENT=true
[2025.08.25-13.01.22:500][759]LogSavePackage: Moving 'E:/programs/UE4_learn/workdemo/Saved/ANS_Attack85649E34473845356D2732B4A6E0D883.tmp' to 'E:/programs/UE4_learn/workdemo/Content/BluePrints/NotfyState/ANS_Attack.uasset'
[2025.08.25-13.01.22:514][759]AssetCheck: New page: Asset Save: multiple assets
[2025.08.25-13.01.22:514][759]LogContentValidation: Display: Validating Blueprint /Game/BluePrints/Characters/Player/BP_Character_Player_Base.BP_Character_Player_Base
[2025.08.25-13.01.22:514][759]LogContentValidation: Display: Validating Blueprint /Game/BluePrints/NotfyState/ANS_Attack.ANS_Attack
[2025.08.25-13.01.23:730][830]Candidate modules for hot reload:
[2025.08.25-13.01.23:730][830]  workdemo
[2025.08.25-13.01.23:730][830]Launching UnrealBuildTool... [F:/epic/UE_4.27/Engine/Binaries/DotNET/UnrealBuildTool.exe  -ModuleWithSuffix=workdemo,2724 workdemoEditor Win64 Development -Project="E:/programs/UE4_learn/workdemo/workdemo.uproject" "E:/programs/UE4_learn/workdemo/workdemo.uproject"  -IgnoreJunk]
[2025.08.25-13.01.23:739][830]Warning: Starting HotReload took  0.0s.
[2025.08.25-13.01.29:791][177]CompilerResultsLog: New page: Compilation - 2025年8月26日 上午5:01:29
[2025.08.25-13.01.29:791][177]CompilerResultsLog: Using 'git status' to determine working set for adaptive non-unity build (E:\programs\UE4_learn\workdemo).
[2025.08.25-13.01.29:791][177]CompilerResultsLog: Creating makefile for workdemoEditor (command line arguments changed)
[2025.08.25-13.01.29:791][177]CompilerResultsLog: Parsing headers for workdemoEditor
[2025.08.25-13.01.29:791][177]CompilerResultsLog:   Running UnrealHeaderTool "E:\programs\UE4_learn\workdemo\workdemo.uproject" "E:\programs\UE4_learn\workdemo\Intermediate\Build\Win64\workdemoEditor\Development\workdemoEditor.uhtmanifest" -LogCmds="loginit warning, logexit warning, logdatabase error" -Unattended -WarningsAsErrors -abslog="C:\Users\XiDeao\AppData\Local\UnrealBuildTool\Log_UHT.txt" -installed
[2025.08.25-13.01.29:791][177]CompilerResultsLog: LogInit: Display: Loading text-based GConfig....
[2025.08.25-13.01.29:791][177]CompilerResultsLog: Reflection code generated for workdemoEditor in 3.3379088 seconds
[2025.08.25-13.01.29:791][177]CompilerResultsLog: Building workdemoEditor...
[2025.08.25-13.01.29:791][177]CompilerResultsLog: Using Visual Studio 2022 14.44.35215 toolchain (D:\software\gamedev\VC\Tools\MSVC\14.44.35207) and Windows 10.0.26100.0 SDK (C:\Program Files (x86)\Windows Kits\10).
[2025.08.25-13.01.29:791][177]CompilerResultsLog: Building 9 actions with 20 processes...
[2025.08.25-13.01.29:791][177]CompilerResultsLog:   [1/9] CharacterPlayerBase.cpp
[2025.08.25-13.01.29:791][177]CompilerResultsLog:    E:\programs\UE4_learn\workdemo\Source\workdemo\CharacterPlayerBase.cpp(67) : error C3867: ??ACharacterBase::CanAct??: ?Ǳ?׼?﷨????ʹ?? "&" ??????ָ????Ա??ָ??
[2025.08.25-13.01.29:792][177]CompilerResultsLog:   [2/9] CharacterBase.cpp
[2025.08.25-13.01.29:792][177]CompilerResultsLog:   [3/9] workdemoGameModeBase.cpp
[2025.08.25-13.01.29:792][177]CompilerResultsLog:   [4/9] CharacterBase.gen.cpp
[2025.08.25-13.01.29:792][177]CompilerResultsLog:   [5/9] CharacterPlayerBase.gen.cpp
[2025.08.25-13.01.29:792][177]CompilerResultsLog:   [6/9] workdemoGameModeBase.gen.cpp
[2025.08.25-13.01.29:792][177]LogMainFrame: MainFrame: Module compiling took 6.066 seconds
[2025.08.25-13.01.29:792][177]Warning: HotReload failed, recompile failed
[2025.08.25-13.01.53:091][368]Candidate modules for hot reload:
[2025.08.25-13.01.53:091][368]  workdemo
[2025.08.25-13.01.53:091][368]Launching UnrealBuildTool... [F:/epic/UE_4.27/Engine/Binaries/DotNET/UnrealBuildTool.exe  -ModuleWithSuffix=workdemo,3367 workdemoEditor Win64 Development -Project="E:/programs/UE4_learn/workdemo/workdemo.uproject" "E:/programs/UE4_learn/workdemo/workdemo.uproject"  -IgnoreJunk]
[2025.08.25-13.01.53:101][368]Warning: Starting HotReload took  0.0s.
[2025.08.25-13.01.55:330][402]CompilerResultsLog: New page: Compilation - 2025年8月26日 上午5:01:55
[2025.08.25-13.01.55:331][402]CompilerResultsLog: Using 'git status' to determine working set for adaptive non-unity build (E:\programs\UE4_learn\workdemo).
[2025.08.25-13.01.55:331][402]CompilerResultsLog: Building workdemoEditor...
[2025.08.25-13.01.55:331][402]CompilerResultsLog: Using Visual Studio 2022 14.44.35215 toolchain (D:\software\gamedev\VC\Tools\MSVC\14.44.35207) and Windows 10.0.26100.0 SDK (C:\Program Files (x86)\Windows Kits\10).
[2025.08.25-13.01.55:331][402]CompilerResultsLog: Building 4 actions with 20 processes...
[2025.08.25-13.01.55:331][402]CompilerResultsLog:   [1/4] CharacterPlayerBase.cpp
[2025.08.25-13.01.55:331][402]CompilerResultsLog:   [2/4] UE4Editor-workdemo-3367.lib
[2025.08.25-13.01.55:331][402]CompilerResultsLog:     ???ڴ????? E:\programs\UE4_learn\workdemo\Intermediate\Build\Win64\UE4Editor\Development\workdemo\UE4Editor-workdemo-3367.lib ?Ͷ??? E:\programs\UE4_learn\workdemo\Intermediate\Build\Win64\UE4Editor\Development\workdemo\UE4Editor-workdemo-3367.exp
[2025.08.25-13.01.55:331][402]CompilerResultsLog:   [3/4] UE4Editor-workdemo-3367.dll
[2025.08.25-13.01.55:331][402]CompilerResultsLog:     ???ڴ????? E:\programs\UE4_learn\workdemo\Intermediate\Build\Win64\UE4Editor\Development\workdemo\UE4Editor-workdemo-3367.suppressed.lib ?Ͷ??? E:\programs\UE4_learn\workdemo\Intermediate\Build\Win64\UE4Editor\Development\workdemo\UE4Editor-workdemo-3367.suppressed.exp
[2025.08.25-13.01.55:331][402]CompilerResultsLog:   [4/4] workdemoEditor.target
[2025.08.25-13.01.55:331][402]CompilerResultsLog: Total time in Parallel executor: 1.46 seconds
[2025.08.25-13.01.55:331][402]CompilerResultsLog: Total execution time: 2.13 seconds
[2025.08.25-13.01.55:331][402]LogMainFrame: MainFrame: Module compiling took 2.244 seconds
[2025.08.25-13.01.55:352][402]LogNativeClassHierarchy: Verbose: Native class hierarchy updated for 'workdemo' in 0.0003 seconds. Added 3 classes and 2 folders.
[2025.08.25-13.01.55:357][402]Display: HotReload successful (11 functions remapped  0 scriptstructs remapped)
[2025.08.25-13.01.55:491][402]LogNativeClassHierarchy: Verbose: Native class hierarchy populated in 0.0076 seconds. Added 3882 classes and 945 folders.
[2025.08.25-13.01.55:491][402]Display: HotReload took  2.4s.
[2025.08.25-13.01.59:472][476]Cmd: OBJ SAVEPACKAGE PACKAGE="/Game/Maps/M_Debug" FILE="E:/programs/UE4_learn/workdemo/Content/Maps/M_Debug.umap" SILENT=true AUTOSAVING=false KEEPDIRTY=false
[2025.08.25-13.01.59:534][476]LogUObjectHash: Compacting FUObjectHashTables data took   3.45ms
[2025.08.25-13.01.59:540][476]LogSavePackage: Moving 'E:/programs/UE4_learn/workdemo/Saved/M_Debug59F85687465E3CE11AF9C8B9B00452CC.tmp' to 'E:/programs/UE4_learn/workdemo/Content/Maps/M_Debug.umap'
[2025.08.25-13.01.59:552][476]Cmd: OBJ SAVEPACKAGE PACKAGE="/Game/Maps/M_Debug_BuiltData" FILE="E:/programs/UE4_learn/workdemo/Content/Maps/M_Debug_BuiltData.uasset" SILENT=true
[2025.08.25-13.01.59:561][476]LogSavePackage: Moving 'E:/programs/UE4_learn/workdemo/Saved/M_Debug_BuiltData7DF3D2864BC240EC0AA7D4B53287BC75.tmp' to 'E:/programs/UE4_learn/workdemo/Content/Maps/M_Debug_BuiltData.uasset'
[2025.08.25-13.01.59:583][476]AssetCheck: New page: Asset Save: multiple assets
[2025.08.25-13.01.59:583][476]LogContentValidation: Display: Validating MapBuildDataRegistry /Game/Maps/M_Debug_BuiltData.M_Debug_BuiltData
[2025.08.25-13.01.59:583][476]LogContentValidation: Display: Validating World /Game/Maps/M_Debug.M_Debug
[2025.08.25-13.02.57:531][504]Candidate modules for hot reload:
[2025.08.25-13.02.57:531][504]  workdemo
[2025.08.25-13.02.57:531][504]Launching UnrealBuildTool... [F:/epic/UE_4.27/Engine/Binaries/DotNET/UnrealBuildTool.exe  -ModuleWithSuffix=workdemo,9149 workdemoEditor Win64 Development -Project="E:/programs/UE4_learn/workdemo/workdemo.uproject" "E:/programs/UE4_learn/workdemo/workdemo.uproject"  -IgnoreJunk]
[2025.08.25-13.02.57:541][504]Warning: Starting HotReload took  0.0s.
[2025.08.25-13.02.57:966][516]CompilerResultsLog: New page: Compilation - 2025年8月26日 上午5:02:57
[2025.08.25-13.02.57:966][516]CompilerResultsLog: ERROR: A conflicting instance of UnrealBuildTool is already running.
[2025.08.25-13.02.57:966][516]LogMainFrame: MainFrame: Module compiling took 0.440 seconds
[2025.08.25-13.02.57:966][516]Warning: HotReload failed, recompile failed
[2025.08.25-13.03.01:774][684]Candidate modules for hot reload:
[2025.08.25-13.03.01:775][684]  workdemo
[2025.08.25-13.03.01:775][684]Launching UnrealBuildTool... [F:/epic/UE_4.27/Engine/Binaries/DotNET/UnrealBuildTool.exe  -ModuleWithSuffix=workdemo,3853 workdemoEditor Win64 Development -Project="E:/programs/UE4_learn/workdemo/workdemo.uproject" "E:/programs/UE4_learn/workdemo/workdemo.uproject"  -IgnoreJunk]
[2025.08.25-13.03.01:785][684]Warning: Starting HotReload took  0.0s.
[2025.08.25-13.03.05:205][869]CompilerResultsLog: New page: Compilation - 2025年8月26日 上午5:03:05
[2025.08.25-13.03.05:205][869]CompilerResultsLog: Using 'git status' to determine working set for adaptive non-unity build (E:\programs\UE4_learn\workdemo).
[2025.08.25-13.03.05:205][869]CompilerResultsLog: Creating makefile for workdemoEditor (command line arguments changed)
[2025.08.25-13.03.05:205][869]CompilerResultsLog: Building workdemoEditor...
[2025.08.25-13.03.05:205][869]CompilerResultsLog: Using Visual Studio 2022 14.44.35215 toolchain (D:\software\gamedev\VC\Tools\MSVC\14.44.35207) and Windows 10.0.26100.0 SDK (C:\Program Files (x86)\Windows Kits\10).
[2025.08.25-13.03.05:205][869]CompilerResultsLog: Building 10 actions with 20 processes...
[2025.08.25-13.03.05:205][869]CompilerResultsLog:   [1/10] workdemo.init.gen.cpp
[2025.08.25-13.03.05:205][869]CompilerResultsLog:   [2/10] CharacterBase.cpp
[2025.08.25-13.03.05:205][869]CompilerResultsLog:   [3/10] CharacterBase.gen.cpp
[2025.08.25-13.03.05:205][869]CompilerResultsLog:   [4/10] workdemoGameModeBase.cpp
[2025.08.25-13.03.05:205][869]CompilerResultsLog:   [5/10] CharacterPlayerBase.gen.cpp
[2025.08.25-13.03.05:205][869]CompilerResultsLog:   [6/10] CharacterPlayerBase.cpp
[2025.08.25-13.03.05:205][869]CompilerResultsLog:   [7/10] workdemoGameModeBase.gen.cpp
[2025.08.25-13.03.05:205][869]CompilerResultsLog:   [8/10] UE4Editor-workdemo-3853.lib
[2025.08.25-13.03.05:205][869]CompilerResultsLog:     ???ڴ????? E:\programs\UE4_learn\workdemo\Intermediate\Build\Win64\UE4Editor\Development\workdemo\UE4Editor-workdemo-3853.lib ?Ͷ??? E:\programs\UE4_learn\workdemo\Intermediate\Build\Win64\UE4Editor\Development\workdemo\UE4Editor-workdemo-3853.exp
[2025.08.25-13.03.05:205][869]CompilerResultsLog:   [9/10] UE4Editor-workdemo-3853.dll
[2025.08.25-13.03.05:205][869]CompilerResultsLog:     ???ڴ????? E:\programs\UE4_learn\workdemo\Intermediate\Build\Win64\UE4Editor\Development\workdemo\UE4Editor-workdemo-3853.suppressed.lib ?Ͷ??? E:\programs\UE4_learn\workdemo\Intermediate\Build\Win64\UE4Editor\Development\workdemo\UE4Editor-workdemo-3853.suppressed.exp
[2025.08.25-13.03.05:205][869]CompilerResultsLog:   [10/10] workdemoEditor.target
[2025.08.25-13.03.05:205][869]CompilerResultsLog: Total time in Parallel executor: 1.64 seconds
[2025.08.25-13.03.05:205][869]CompilerResultsLog: Total execution time: 3.34 seconds
[2025.08.25-13.03.05:206][869]LogMainFrame: MainFrame: Module compiling took 3.435 seconds
[2025.08.25-13.03.05:214][869]LogClass: Could not find existing class CharacterBase in package /Script/workdemo for HotReload, assuming new class
[2025.08.25-13.03.05:214][869]LogClass: Function EnableAttackCollision is new.
[2025.08.25-13.03.05:214][869]LogClass: Could not find existing class CharacterPlayerBase in package /Script/workdemo for HotReload, assuming new class
[2025.08.25-13.03.05:214][869]LogClass: Function EndAttack is new.
[2025.08.25-13.03.05:214][869]LogClass: Function EndJump is new.
[2025.08.25-13.03.05:214][869]LogClass: Function EndRotateLeft is new.
[2025.08.25-13.03.05:214][869]LogClass: Function EndRotateRight is new.
[2025.08.25-13.03.05:214][869]LogClass: Function Move_X is new.
[2025.08.25-13.03.05:214][869]LogClass: Function Move_Y is new.
[2025.08.25-13.03.05:214][869]LogClass: Function OnAttackAnimationCompleted is new.
[2025.08.25-13.03.05:214][869]LogClass: Function StartAttack is new.
[2025.08.25-13.03.05:214][869]LogClass: Function StartJump is new.
[2025.08.25-13.03.05:214][869]LogClass: Function StartRotateLeft is new.
[2025.08.25-13.03.05:214][869]LogClass: Function StartRotateRight is new.
[2025.08.25-13.03.05:226][869]LogHotReload: Re-instancing CharacterBase after hot-reload.
[2025.08.25-13.03.05:256][869]LogHotReload: Re-instancing CharacterPlayerBase after hot-reload.
[2025.08.25-13.03.05:315][869]LogNativeClassHierarchy: Verbose: Native class hierarchy updated for 'workdemo' in 0.0002 seconds. Added 3 classes and 2 folders.
[2025.08.25-13.03.05:322][869]Display: HotReload successful (0 functions remapped  0 scriptstructs remapped)
[2025.08.25-13.03.05:480][869]LogNativeClassHierarchy: Verbose: Native class hierarchy populated in 0.0074 seconds. Added 3882 classes and 945 folders.
[2025.08.25-13.03.05:480][869]Display: HotReload took  3.7s.
[2025.08.25-13.03.14:518][386]Cmd: OBJ SAVEPACKAGE PACKAGE="/Game/BluePrints/NotfyState/ANS_Attack" FILE="E:/programs/UE4_learn/workdemo/Content/BluePrints/NotfyState/ANS_Attack.uasset" SILENT=true
[2025.08.25-13.03.14:522][386]LogSavePackage: Moving 'E:/programs/UE4_learn/workdemo/Saved/ANS_Attack53AB353845B0D9D94EF340B584C671AF.tmp' to 'E:/programs/UE4_learn/workdemo/Content/BluePrints/NotfyState/ANS_Attack.uasset'
[2025.08.25-13.03.14:539][386]AssetCheck: New page: Asset Save: ANS_Attack
[2025.08.25-13.03.14:539][386]LogContentValidation: Display: Validating Blueprint /Game/BluePrints/NotfyState/ANS_Attack.ANS_Attack
[2025.08.25-13.03.33:585][507]Cmd: OBJ SAVEPACKAGE PACKAGE="/Game/BluePrints/NotfyState/ANS_Attack" FILE="E:/programs/UE4_learn/workdemo/Content/BluePrints/NotfyState/ANS_Attack.uasset" SILENT=true
[2025.08.25-13.03.33:589][507]LogSavePackage: Moving 'E:/programs/UE4_learn/workdemo/Saved/ANS_AttackF11BD7D541343205CA3EF8B48BF2348C.tmp' to 'E:/programs/UE4_learn/workdemo/Content/BluePrints/NotfyState/ANS_Attack.uasset'
[2025.08.25-13.03.33:602][507]AssetCheck: New page: Asset Save: ANS_Attack
[2025.08.25-13.03.33:602][507]LogContentValidation: Display: Validating Blueprint /Game/BluePrints/NotfyState/ANS_Attack.ANS_Attack
[2025.08.25-13.03.59:588][631]Cmd: OBJ SAVEPACKAGE PACKAGE="/Game/BluePrints/NotfyState/ANS_Attack" FILE="E:/programs/UE4_learn/workdemo/Content/BluePrints/NotfyState/ANS_Attack.uasset" SILENT=true
[2025.08.25-13.03.59:593][631]LogSavePackage: Moving 'E:/programs/UE4_learn/workdemo/Saved/ANS_Attack170C7A5140C3BF95707564A50576D620.tmp' to 'E:/programs/UE4_learn/workdemo/Content/BluePrints/NotfyState/ANS_Attack.uasset'
[2025.08.25-13.03.59:613][631]AssetCheck: New page: Asset Save: ANS_Attack
[2025.08.25-13.03.59:613][631]LogContentValidation: Display: Validating Blueprint /Game/BluePrints/NotfyState/ANS_Attack.ANS_Attack
[2025.08.25-13.04.00:184][666]BlueprintLog: New page: Compile ANS_Attack
[2025.08.25-13.04.00:294][666]LogUObjectHash: Compacting FUObjectHashTables data took   4.50ms
[2025.08.25-13.04.01:168][712]Cmd: OBJ SAVEPACKAGE PACKAGE="/Game/BluePrints/NotfyState/ANS_Attack" FILE="E:/programs/UE4_learn/workdemo/Content/BluePrints/NotfyState/ANS_Attack.uasset" SILENT=true
[2025.08.25-13.04.01:173][712]LogSavePackage: Moving 'E:/programs/UE4_learn/workdemo/Saved/ANS_AttackB1EA475B4F4F25770008F2898AAE39F9.tmp' to 'E:/programs/UE4_learn/workdemo/Content/BluePrints/NotfyState/ANS_Attack.uasset'
[2025.08.25-13.04.01:192][712]AssetCheck: New page: Asset Save: ANS_Attack
[2025.08.25-13.04.01:192][712]LogContentValidation: Display: Validating Blueprint /Game/BluePrints/NotfyState/ANS_Attack.ANS_Attack
[2025.08.25-13.04.02:350][777]LogUObjectHash: Compacting FUObjectHashTables data took   3.25ms
[2025.08.25-13.04.03:883][861]LogUObjectHash: Compacting FUObjectHashTables data took   0.71ms
[2025.08.25-13.04.04:882][919]LogTemp: Repeating last play command: Selected Viewport
[2025.08.25-13.04.04:888][919]LogPlayLevel: PlayLevel: No blueprints needed recompiling
[2025.08.25-13.04.04:888][919]PIE: New page: PIE session: M_Debug (2025年8月26日 上午5:04:04)
[2025.08.25-13.04.04:889][919]LogPlayLevel: Creating play world package: /Game/Maps/UEDPIE_0_M_Debug
[2025.08.25-13.04.04:890][919]LogPlayLevel: PIE: StaticDuplicateObject took: (0.001750s)
[2025.08.25-13.04.04:891][919]LogAIModule: Creating AISystem for world M_Debug
[2025.08.25-13.04.04:891][919]LogPlayLevel: PIE: World Init took: (0.000827s)
[2025.08.25-13.04.04:891][919]LogPlayLevel: PIE: Created PIE world by copying editor world from /Game/Maps/M_Debug.M_Debug to /Game/Maps/UEDPIE_0_M_Debug.M_Debug (0.002744s)
[2025.08.25-13.04.04:918][919]LogUObjectHash: Compacting FUObjectHashTables data took   1.99ms
[2025.08.25-13.04.04:919][919]LogAudio: Display: Creating Audio Device:                 Id: 13, Scope: Unique, Realtime: True
[2025.08.25-13.04.04:919][919]LogAudioMixer: Display: Audio Mixer Platform Settings:
[2025.08.25-13.04.04:919][919]LogAudioMixer: Display: 	Sample Rate:						  48000
[2025.08.25-13.04.04:919][919]LogAudioMixer: Display: 	Callback Buffer Frame Size Requested: 1024
[2025.08.25-13.04.04:919][919]LogAudioMixer: Display: 	Callback Buffer Frame Size To Use:	  1024
[2025.08.25-13.04.04:919][919]LogAudioMixer: Display: 	Number of buffers to queue:			  2
[2025.08.25-13.04.04:919][919]LogAudioMixer: Display: 	Max Channels (voices):				  32
[2025.08.25-13.04.04:919][919]LogAudioMixer: Display: 	Number of Async Source Workers:		  0
[2025.08.25-13.04.04:919][919]LogAudio: Display: AudioDevice MaxSources: 32
[2025.08.25-13.04.04:919][919]LogAudio: Display: Audio Spatialization Plugin: None (built-in).
[2025.08.25-13.04.04:919][919]LogAudio: Display: Audio Reverb Plugin: None (built-in).
[2025.08.25-13.04.04:919][919]LogAudio: Display: Audio Occlusion Plugin: None (built-in).
[2025.08.25-13.04.04:919][919]LogAudioMixer: Display: Initializing audio mixer.
[2025.08.25-13.04.04:924][919]LogAudioMixer: Display: 0: FrontLeft
[2025.08.25-13.04.04:924][919]LogAudioMixer: Display: 1: FrontRight
[2025.08.25-13.04.05:021][919]LogAudioMixer: Display: Using Audio Device 扬声器 (Realtek(R) Audio)
[2025.08.25-13.04.05:021][919]LogAudioMixer: Display: Initializing Sound Submixes...
[2025.08.25-13.04.05:022][919]LogAudioMixer: Display: Creating Master Submix 'MasterSubmixDefault'
[2025.08.25-13.04.05:022][919]LogAudioMixer: Display: Creating Master Submix 'MasterReverbSubmixDefault'
[2025.08.25-13.04.05:022][919]LogAudioMixer: Display: Creating Master Submix 'MasterEQSubmixDefault'
[2025.08.25-13.04.05:022][919]LogAudioMixer: FMixerPlatformXAudio2::StartAudioStream() called
[2025.08.25-13.04.05:022][919]LogAudioMixer: Display: Output buffers initialized: Frames=1024, Channels=2, Samples=2048
[2025.08.25-13.04.05:023][919]LogAudioMixer: Display: Starting AudioMixerPlatformInterface::RunInternal()
[2025.08.25-13.04.05:023][919]LogAudioMixer: Display: FMixerPlatformXAudio2::SubmitBuffer() called for the first time
[2025.08.25-13.04.05:023][919]LogInit: FAudioDevice initialized.
[2025.08.25-13.04.05:023][919]LogAudio: Display: Audio Device (ID: 13) registered with world 'M_Debug'.
[2025.08.25-13.04.05:031][919]LogLoad: Game class is 'GM_workdemoGameModeBase_C'
[2025.08.25-13.04.05:032][919]LogWorld: Bringing World /Game/Maps/UEDPIE_0_M_Debug.M_Debug up for play (max tick rate 60) at 2025.08.25-21.04.05
[2025.08.25-13.04.05:032][919]LogWorld: Bringing up level for play took: 0.000496
[2025.08.25-13.04.05:033][919]LogOnline: OSS: Creating online subsystem instance for: :Context_22
[2025.08.25-13.04.05:035][919]PIE: Server logged in
[2025.08.25-13.04.05:036][919]PIE: Play in editor total start time 0.15 seconds.
[2025.08.25-13.04.09:064][159]LogSlate: Updating window title bar state: overlay mode, drag disabled, window buttons hidden, title bar hidden
[2025.08.25-13.04.09:065][159]LogWorld: BeginTearingDown for /Game/Maps/UEDPIE_0_M_Debug
[2025.08.25-13.04.09:065][159]LogWorld: UWorld::CleanupWorld for M_Debug, bSessionEnded=true, bCleanupResources=true
[2025.08.25-13.04.09:065][159]LogSlate: InvalidateAllWidgets triggered.  All widgets were invalidated
[2025.08.25-13.04.09:074][159]LogPlayLevel: Display: Shutting down PIE online subsystems
[2025.08.25-13.04.09:078][159]LogSlate: InvalidateAllWidgets triggered.  All widgets were invalidated
[2025.08.25-13.04.09:103][159]LogSlate: Updating window title bar state: overlay mode, drag disabled, window buttons hidden, title bar hidden
[2025.08.25-13.04.09:103][159]LogAudioMixer: FMixerPlatformXAudio2::StopAudioStream() called
[2025.08.25-13.04.09:105][159]LogAudioMixer: FMixerPlatformXAudio2::StopAudioStream() called
[2025.08.25-13.04.09:111][159]LogUObjectHash: Compacting FUObjectHashTables data took   2.54ms
[2025.08.25-13.04.09:157][161]LogPlayLevel: Display: Destroying online subsystem :Context_22
[2025.08.25-13.06.28:467][603]LogWindowsTextInputMethodSystem: Display: IME system deactivated.
[2025.08.25-13.06.28:468][603]LogWindowsTextInputMethodSystem: Display: IME system activated using TSF (微软拼音).
[2025.08.25-13.06.29:432][645]LogTemp: Repeating last play command: Selected Viewport
[2025.08.25-13.06.29:439][645]LogPlayLevel: PlayLevel: No blueprints needed recompiling
[2025.08.25-13.06.29:439][645]PIE: New page: PIE session: M_Debug (2025年8月26日 上午5:06:29)
[2025.08.25-13.06.29:439][645]LogPlayLevel: Creating play world package: /Game/Maps/UEDPIE_0_M_Debug
[2025.08.25-13.06.29:441][645]LogPlayLevel: PIE: StaticDuplicateObject took: (0.001967s)
[2025.08.25-13.06.29:442][645]LogAIModule: Creating AISystem for world M_Debug
[2025.08.25-13.06.29:442][645]LogPlayLevel: PIE: World Init took: (0.000781s)
[2025.08.25-13.06.29:442][645]LogPlayLevel: PIE: Created PIE world by copying editor world from /Game/Maps/M_Debug.M_Debug to /Game/Maps/UEDPIE_0_M_Debug.M_Debug (0.002836s)
[2025.08.25-13.06.29:473][645]LogUObjectHash: Compacting FUObjectHashTables data took   2.41ms
[2025.08.25-13.06.29:474][645]LogAudio: Display: Creating Audio Device:                 Id: 14, Scope: Unique, Realtime: True
[2025.08.25-13.06.29:474][645]LogAudioMixer: Display: Audio Mixer Platform Settings:
[2025.08.25-13.06.29:474][645]LogAudioMixer: Display: 	Sample Rate:						  48000
[2025.08.25-13.06.29:474][645]LogAudioMixer: Display: 	Callback Buffer Frame Size Requested: 1024
[2025.08.25-13.06.29:474][645]LogAudioMixer: Display: 	Callback Buffer Frame Size To Use:	  1024
[2025.08.25-13.06.29:474][645]LogAudioMixer: Display: 	Number of buffers to queue:			  2
[2025.08.25-13.06.29:474][645]LogAudioMixer: Display: 	Max Channels (voices):				  32
[2025.08.25-13.06.29:474][645]LogAudioMixer: Display: 	Number of Async Source Workers:		  0
[2025.08.25-13.06.29:474][645]LogAudio: Display: AudioDevice MaxSources: 32
[2025.08.25-13.06.29:474][645]LogAudio: Display: Audio Spatialization Plugin: None (built-in).
[2025.08.25-13.06.29:474][645]LogAudio: Display: Audio Reverb Plugin: None (built-in).
[2025.08.25-13.06.29:474][645]LogAudio: Display: Audio Occlusion Plugin: None (built-in).
[2025.08.25-13.06.29:474][645]LogAudioMixer: Display: Initializing audio mixer.
[2025.08.25-13.06.29:478][645]LogAudioMixer: Display: 0: FrontLeft
[2025.08.25-13.06.29:478][645]LogAudioMixer: Display: 1: FrontRight
[2025.08.25-13.06.29:569][645]LogAudioMixer: Display: Using Audio Device 扬声器 (Realtek(R) Audio)
[2025.08.25-13.06.29:569][645]LogAudioMixer: Display: Initializing Sound Submixes...
[2025.08.25-13.06.29:569][645]LogAudioMixer: Display: Creating Master Submix 'MasterSubmixDefault'
[2025.08.25-13.06.29:569][645]LogAudioMixer: Display: Creating Master Submix 'MasterReverbSubmixDefault'
[2025.08.25-13.06.29:569][645]LogAudioMixer: Display: Creating Master Submix 'MasterEQSubmixDefault'
[2025.08.25-13.06.29:569][645]LogAudioMixer: FMixerPlatformXAudio2::StartAudioStream() called
[2025.08.25-13.06.29:569][645]LogAudioMixer: Display: Output buffers initialized: Frames=1024, Channels=2, Samples=2048
[2025.08.25-13.06.29:570][645]LogAudioMixer: Display: Starting AudioMixerPlatformInterface::RunInternal()
[2025.08.25-13.06.29:570][645]LogAudioMixer: Display: FMixerPlatformXAudio2::SubmitBuffer() called for the first time
[2025.08.25-13.06.29:570][645]LogInit: FAudioDevice initialized.
[2025.08.25-13.06.29:570][645]LogAudio: Display: Audio Device (ID: 14) registered with world 'M_Debug'.
[2025.08.25-13.06.29:579][645]LogLoad: Game class is 'GM_workdemoGameModeBase_C'
[2025.08.25-13.06.29:580][645]LogWorld: Bringing World /Game/Maps/UEDPIE_0_M_Debug.M_Debug up for play (max tick rate 60) at 2025.08.25-21.06.29
[2025.08.25-13.06.29:581][645]LogWorld: Bringing up level for play took: 0.000625
[2025.08.25-13.06.29:581][645]LogOnline: OSS: Creating online subsystem instance for: :Context_23
[2025.08.25-13.06.29:583][645]PIE: Server logged in
[2025.08.25-13.06.29:584][645]PIE: Play in editor total start time 0.147 seconds.
[2025.08.25-13.06.36:604][ 65]LogSlate: Updating window title bar state: overlay mode, drag disabled, window buttons hidden, title bar hidden
[2025.08.25-13.06.36:605][ 65]LogWorld: BeginTearingDown for /Game/Maps/UEDPIE_0_M_Debug
[2025.08.25-13.06.36:605][ 65]LogWorld: UWorld::CleanupWorld for M_Debug, bSessionEnded=true, bCleanupResources=true
[2025.08.25-13.06.36:605][ 65]LogSlate: InvalidateAllWidgets triggered.  All widgets were invalidated
[2025.08.25-13.06.36:613][ 65]LogPlayLevel: Display: Shutting down PIE online subsystems
[2025.08.25-13.06.36:618][ 65]LogSlate: InvalidateAllWidgets triggered.  All widgets were invalidated
[2025.08.25-13.06.36:644][ 65]LogSlate: Updating window title bar state: overlay mode, drag disabled, window buttons hidden, title bar hidden
[2025.08.25-13.06.36:644][ 65]LogAudioMixer: FMixerPlatformXAudio2::StopAudioStream() called
[2025.08.25-13.06.36:645][ 65]LogAudioMixer: FMixerPlatformXAudio2::StopAudioStream() called
[2025.08.25-13.06.36:650][ 65]LogUObjectHash: Compacting FUObjectHashTables data took   2.89ms
[2025.08.25-13.06.36:692][ 67]LogPlayLevel: Display: Destroying online subsystem :Context_23
[2025.08.25-13.06.47:996][189]Candidate modules for hot reload:
[2025.08.25-13.06.47:996][189]  workdemo
[2025.08.25-13.06.47:996][189]Launching UnrealBuildTool... [F:/epic/UE_4.27/Engine/Binaries/DotNET/UnrealBuildTool.exe  -ModuleWithSuffix=workdemo,2519 workdemoEditor Win64 Development -Project="E:/programs/UE4_learn/workdemo/workdemo.uproject" "E:/programs/UE4_learn/workdemo/workdemo.uproject"  -IgnoreJunk]
[2025.08.25-13.06.48:005][189]Warning: Starting HotReload took  0.0s.
[2025.08.25-13.06.52:447][345]CompilerResultsLog: New page: Compilation - 2025年8月26日 上午5:06:52
[2025.08.25-13.06.52:447][345]CompilerResultsLog: Using 'git status' to determine working set for adaptive non-unity build (E:\programs\UE4_learn\workdemo).
[2025.08.25-13.06.52:447][345]CompilerResultsLog: Building workdemoEditor...
[2025.08.25-13.06.52:447][345]CompilerResultsLog: Using Visual Studio 2022 14.44.35215 toolchain (D:\software\gamedev\VC\Tools\MSVC\14.44.35207) and Windows 10.0.26100.0 SDK (C:\Program Files (x86)\Windows Kits\10).
[2025.08.25-13.06.52:447][345]CompilerResultsLog: Building 5 actions with 20 processes...
[2025.08.25-13.06.52:447][345]CompilerResultsLog:   [1/5] CharacterBase.cpp
[2025.08.25-13.06.52:447][345]CompilerResultsLog:   [2/5] CharacterPlayerBase.cpp
[2025.08.25-13.06.52:447][345]CompilerResultsLog:   [3/5] UE4Editor-workdemo-2519.lib
[2025.08.25-13.06.52:447][345]CompilerResultsLog:     ???ڴ????? E:\programs\UE4_learn\workdemo\Intermediate\Build\Win64\UE4Editor\Development\workdemo\UE4Editor-workdemo-2519.lib ?Ͷ??? E:\programs\UE4_learn\workdemo\Intermediate\Build\Win64\UE4Editor\Development\workdemo\UE4Editor-workdemo-2519.exp
[2025.08.25-13.06.52:447][345]CompilerResultsLog:   [4/5] UE4Editor-workdemo-2519.dll
[2025.08.25-13.06.52:447][345]CompilerResultsLog:     ???ڴ????? E:\programs\UE4_learn\workdemo\Intermediate\Build\Win64\UE4Editor\Development\workdemo\UE4Editor-workdemo-2519.suppressed.lib ?Ͷ??? E:\programs\UE4_learn\workdemo\Intermediate\Build\Win64\UE4Editor\Development\workdemo\UE4Editor-workdemo-2519.suppressed.exp
[2025.08.25-13.06.52:447][345]CompilerResultsLog:   [5/5] workdemoEditor.target
[2025.08.25-13.06.52:447][345]CompilerResultsLog: Total time in Parallel executor: 3.06 seconds
[2025.08.25-13.06.52:447][345]CompilerResultsLog: Total execution time: 3.70 seconds
[2025.08.25-13.06.52:447][345]LogMainFrame: MainFrame: Module compiling took 4.456 seconds
[2025.08.25-13.06.52:469][345]LogNativeClassHierarchy: Verbose: Native class hierarchy updated for 'workdemo' in 0.0003 seconds. Added 3 classes and 2 folders.
[2025.08.25-13.06.52:475][345]Display: HotReload successful (12 functions remapped  0 scriptstructs remapped)
[2025.08.25-13.06.52:603][345]LogNativeClassHierarchy: Verbose: Native class hierarchy populated in 0.0075 seconds. Added 3882 classes and 945 folders.
[2025.08.25-13.06.52:603][345]Display: HotReload took  4.6s.
[2025.08.25-13.06.58:285][424]Candidate modules for hot reload:
[2025.08.25-13.06.58:285][424]  workdemo
[2025.08.25-13.06.58:286][424]Launching UnrealBuildTool... [F:/epic/UE_4.27/Engine/Binaries/DotNET/UnrealBuildTool.exe  -ModuleWithSuffix=workdemo,3959 workdemoEditor Win64 Development -Project="E:/programs/UE4_learn/workdemo/workdemo.uproject" "E:/programs/UE4_learn/workdemo/workdemo.uproject"  -IgnoreJunk]
[2025.08.25-13.06.58:295][424]Warning: Starting HotReload took  0.0s.
[2025.08.25-13.06.58:630][430]Cmd: OBJ SAVEPACKAGE PACKAGE="/Game/Maps/M_Debug" FILE="E:/programs/UE4_learn/workdemo/Content/Maps/M_Debug.umap" SILENT=true AUTOSAVING=false KEEPDIRTY=false
[2025.08.25-13.06.58:702][430]LogUObjectHash: Compacting FUObjectHashTables data took   3.82ms
[2025.08.25-13.06.58:708][430]LogSavePackage: Moving 'E:/programs/UE4_learn/workdemo/Saved/M_Debug170F39DC4C273DEF208727B7A3A49021.tmp' to 'E:/programs/UE4_learn/workdemo/Content/Maps/M_Debug.umap'
[2025.08.25-13.06.58:716][430]Cmd: OBJ SAVEPACKAGE PACKAGE="/Game/Maps/M_Debug_BuiltData" FILE="E:/programs/UE4_learn/workdemo/Content/Maps/M_Debug_BuiltData.uasset" SILENT=true
[2025.08.25-13.06.58:722][430]LogSavePackage: Moving 'E:/programs/UE4_learn/workdemo/Saved/M_Debug_BuiltData18668A5B46DBABBF13DCF49B5A1E5CCE.tmp' to 'E:/programs/UE4_learn/workdemo/Content/Maps/M_Debug_BuiltData.uasset'
[2025.08.25-13.06.58:792][430]AssetCheck: New page: Asset Save: multiple assets
[2025.08.25-13.06.58:792][430]LogContentValidation: Display: Validating MapBuildDataRegistry /Game/Maps/M_Debug_BuiltData.M_Debug_BuiltData
[2025.08.25-13.06.58:792][430]LogContentValidation: Display: Validating World /Game/Maps/M_Debug.M_Debug
[2025.08.25-13.07.00:411][488]CompilerResultsLog: New page: Compilation - 2025年8月26日 上午5:07:00
[2025.08.25-13.07.00:411][488]CompilerResultsLog: Using 'git status' to determine working set for adaptive non-unity build (E:\programs\UE4_learn\workdemo).
[2025.08.25-13.07.00:411][488]CompilerResultsLog: Building workdemoEditor...
[2025.08.25-13.07.00:411][488]CompilerResultsLog: Using Visual Studio 2022 14.44.35215 toolchain (D:\software\gamedev\VC\Tools\MSVC\14.44.35207) and Windows 10.0.26100.0 SDK (C:\Program Files (x86)\Windows Kits\10).
[2025.08.25-13.07.00:411][488]CompilerResultsLog: Building 4 actions with 20 processes...
[2025.08.25-13.07.00:411][488]CompilerResultsLog:   [1/4] CharacterPlayerBase.cpp
[2025.08.25-13.07.00:411][488]CompilerResultsLog:   [2/4] UE4Editor-workdemo-3959.lib
[2025.08.25-13.07.00:411][488]CompilerResultsLog:     ???ڴ????? E:\programs\UE4_learn\workdemo\Intermediate\Build\Win64\UE4Editor\Development\workdemo\UE4Editor-workdemo-3959.lib ?Ͷ??? E:\programs\UE4_learn\workdemo\Intermediate\Build\Win64\UE4Editor\Development\workdemo\UE4Editor-workdemo-3959.exp
[2025.08.25-13.07.00:411][488]CompilerResultsLog:   [3/4] UE4Editor-workdemo-3959.dll
[2025.08.25-13.07.00:411][488]CompilerResultsLog:     ???ڴ????? E:\programs\UE4_learn\workdemo\Intermediate\Build\Win64\UE4Editor\Development\workdemo\UE4Editor-workdemo-3959.suppressed.lib ?Ͷ??? E:\programs\UE4_learn\workdemo\Intermediate\Build\Win64\UE4Editor\Development\workdemo\UE4Editor-workdemo-3959.suppressed.exp
[2025.08.25-13.07.00:411][488]CompilerResultsLog:   [4/4] workdemoEditor.target
[2025.08.25-13.07.00:411][488]CompilerResultsLog: Total time in Parallel executor: 1.46 seconds
[2025.08.25-13.07.00:411][488]CompilerResultsLog: Total execution time: 2.03 seconds
[2025.08.25-13.07.00:411][488]LogMainFrame: MainFrame: Module compiling took 2.130 seconds
[2025.08.25-13.07.00:433][488]LogNativeClassHierarchy: Verbose: Native class hierarchy updated for 'workdemo' in 0.0002 seconds. Added 3 classes and 2 folders.
[2025.08.25-13.07.00:440][488]Display: HotReload successful (12 functions remapped  0 scriptstructs remapped)
[2025.08.25-13.07.00:573][488]LogNativeClassHierarchy: Verbose: Native class hierarchy populated in 0.0070 seconds. Added 3882 classes and 945 folders.
[2025.08.25-13.07.00:573][488]Display: HotReload took  2.3s.
[2025.08.25-13.07.01:963][560]LogTemp: Repeating last play command: Selected Viewport
[2025.08.25-13.07.01:969][560]LogPlayLevel: PlayLevel: No blueprints needed recompiling
[2025.08.25-13.07.01:969][560]PIE: New page: PIE session: M_Debug (2025年8月26日 上午5:07:01)
[2025.08.25-13.07.01:970][560]LogPlayLevel: Creating play world package: /Game/Maps/UEDPIE_0_M_Debug
[2025.08.25-13.07.01:972][560]LogPlayLevel: PIE: StaticDuplicateObject took: (0.001769s)
[2025.08.25-13.07.01:972][560]LogAIModule: Creating AISystem for world M_Debug
[2025.08.25-13.07.01:973][560]LogPlayLevel: PIE: World Init took: (0.000718s)
[2025.08.25-13.07.01:973][560]LogPlayLevel: PIE: Created PIE world by copying editor world from /Game/Maps/M_Debug.M_Debug to /Game/Maps/UEDPIE_0_M_Debug.M_Debug (0.002571s)
[2025.08.25-13.07.02:047][560]LogUObjectHash: Compacting FUObjectHashTables data took   5.29ms
[2025.08.25-13.07.02:049][560]LogAudio: Display: Creating Audio Device:                 Id: 15, Scope: Unique, Realtime: True
[2025.08.25-13.07.02:049][560]LogAudioMixer: Display: Audio Mixer Platform Settings:
[2025.08.25-13.07.02:049][560]LogAudioMixer: Display: 	Sample Rate:						  48000
[2025.08.25-13.07.02:049][560]LogAudioMixer: Display: 	Callback Buffer Frame Size Requested: 1024
[2025.08.25-13.07.02:049][560]LogAudioMixer: Display: 	Callback Buffer Frame Size To Use:	  1024
[2025.08.25-13.07.02:049][560]LogAudioMixer: Display: 	Number of buffers to queue:			  2
[2025.08.25-13.07.02:049][560]LogAudioMixer: Display: 	Max Channels (voices):				  32
[2025.08.25-13.07.02:049][560]LogAudioMixer: Display: 	Number of Async Source Workers:		  0
[2025.08.25-13.07.02:049][560]LogAudio: Display: AudioDevice MaxSources: 32
[2025.08.25-13.07.02:049][560]LogAudio: Display: Audio Spatialization Plugin: None (built-in).
[2025.08.25-13.07.02:049][560]LogAudio: Display: Audio Reverb Plugin: None (built-in).
[2025.08.25-13.07.02:049][560]LogAudio: Display: Audio Occlusion Plugin: None (built-in).
[2025.08.25-13.07.02:049][560]LogAudioMixer: Display: Initializing audio mixer.
[2025.08.25-13.07.02:054][560]LogAudioMixer: Display: 0: FrontLeft
[2025.08.25-13.07.02:054][560]LogAudioMixer: Display: 1: FrontRight
[2025.08.25-13.07.02:151][560]LogAudioMixer: Display: Using Audio Device 扬声器 (Realtek(R) Audio)
[2025.08.25-13.07.02:151][560]LogAudioMixer: Display: Initializing Sound Submixes...
[2025.08.25-13.07.02:151][560]LogAudioMixer: Display: Creating Master Submix 'MasterSubmixDefault'
[2025.08.25-13.07.02:151][560]LogAudioMixer: Display: Creating Master Submix 'MasterReverbSubmixDefault'
[2025.08.25-13.07.02:151][560]LogAudioMixer: Display: Creating Master Submix 'MasterEQSubmixDefault'
[2025.08.25-13.07.02:151][560]LogAudioMixer: FMixerPlatformXAudio2::StartAudioStream() called
[2025.08.25-13.07.02:151][560]LogAudioMixer: Display: Output buffers initialized: Frames=1024, Channels=2, Samples=2048
[2025.08.25-13.07.02:152][560]LogAudioMixer: Display: Starting AudioMixerPlatformInterface::RunInternal()
[2025.08.25-13.07.02:152][560]LogAudioMixer: Display: FMixerPlatformXAudio2::SubmitBuffer() called for the first time
[2025.08.25-13.07.02:152][560]LogInit: FAudioDevice initialized.
[2025.08.25-13.07.02:152][560]LogAudio: Display: Audio Device (ID: 15) registered with world 'M_Debug'.
[2025.08.25-13.07.02:163][560]LogLoad: Game class is 'GM_workdemoGameModeBase_C'
[2025.08.25-13.07.02:164][560]LogWorld: Bringing World /Game/Maps/UEDPIE_0_M_Debug.M_Debug up for play (max tick rate 60) at 2025.08.25-21.07.02
[2025.08.25-13.07.02:164][560]LogWorld: Bringing up level for play took: 0.000480
[2025.08.25-13.07.02:165][560]LogOnline: OSS: Creating online subsystem instance for: :Context_24
[2025.08.25-13.07.02:167][560]PIE: Server logged in
[2025.08.25-13.07.02:168][560]PIE: Play in editor total start time 0.199 seconds.
[2025.08.25-13.10.16:956][247]LogHttp: Warning: 00000159D9A20800: invalid HTTP response code received. URL: https://datarouter.ol.epicgames.com/datarouter/api/v1/public/data?SessionID=%7B3BBFDC15-4D03-0FBB-1B5A-7DA5AA677D45%7D&AppID=UEEditor.Rocket.Release&AppVersion=4.27.2-18319896%2B%2B%2BUE4%2BRelease-4.27&UserID=6bdf4a9142614e3d726214ae13cb3dcf%7C49346de68bdd43cfa9f9c2e2b8bb1f3b%7C3647cd47-06dc-4c43-877f-08c305c365bc&AppEnvironment=datacollector-binary&UploadType=eteventstream, HTTP code: 0, content length: 0, actual payload size: 0
[2025.08.25-13.10.16:957][247]LogHttp: Warning: 00000159D9A20800: request failed, libcurl error: 35 (SSL connect error)
[2025.08.25-13.10.16:957][247]LogHttp: Warning: 00000159D9A20800: libcurl info message cache 0 (Connection 109 seems to be dead!)
[2025.08.25-13.10.16:957][247]LogHttp: Warning: 00000159D9A20800: libcurl info message cache 1 (Closing connection 109)
[2025.08.25-13.10.16:957][247]LogHttp: Warning: 00000159D9A20800: libcurl info message cache 2 (TLSv1.3 (OUT), TLS Unknown, Unknown (21):)
[2025.08.25-13.10.16:957][247]LogHttp: Warning: 00000159D9A20800: libcurl info message cache 3 (TLSv1.3 (OUT), TLS alert, Client hello (1):)
[2025.08.25-13.10.16:957][247]LogHttp: Warning: 00000159D9A20800: libcurl info message cache 4 (  Trying 127.0.0.1...)
[2025.08.25-13.10.16:957][247]LogHttp: Warning: 00000159D9A20800: libcurl info message cache 5 (TCP_NODELAY set)
[2025.08.25-13.10.16:957][247]LogHttp: Warning: 00000159D9A20800: libcurl info message cache 6 (Connected to 127.0.0.1 (127.0.0.1) port 7890 (#110))
[2025.08.25-13.10.16:957][247]LogHttp: Warning: 00000159D9A20800: libcurl info message cache 7 (allocate connect buffer!)
[2025.08.25-13.10.16:957][247]LogHttp: Warning: 00000159D9A20800: libcurl info message cache 8 (Establish HTTP proxy tunnel to datarouter.ol.epicgames.com:443)
[2025.08.25-13.10.16:957][247]LogHttp: Warning: 00000159D9A20800: libcurl info message cache 9 (Proxy replied OK to CONNECT request)
[2025.08.25-13.10.16:957][247]LogHttp: Warning: 00000159D9A20800: libcurl info message cache 10 (CONNECT phase completed!)
[2025.08.25-13.10.16:957][247]LogHttp: Warning: 00000159D9A20800: libcurl info message cache 11 (ALPN, offering http/1.1)
[2025.08.25-13.10.16:957][247]LogHttp: Warning: 00000159D9A20800: libcurl info message cache 12 (Cipher selection: ALL:!EXPORT:!EXPORT40:!EXPORT56:!aNULL:!LOW:!RC4:@STRENGTH)
[2025.08.25-13.10.16:957][247]LogHttp: Warning: 00000159D9A20800: libcurl info message cache 13 (SSL re-using session ID)
[2025.08.25-13.10.16:957][247]LogHttp: Warning: 00000159D9A20800: libcurl info message cache 14 (TLSv1.3 (OUT), TLS handshake, Client hello (1):)
[2025.08.25-13.10.16:957][247]LogHttp: Warning: 00000159D9A20800: libcurl info message cache 15 (CONNECT phase completed!)
[2025.08.25-13.10.16:957][247]LogHttp: Warning: 00000159D9A20800: libcurl info message cache 16 (CONNECT phase completed!)
[2025.08.25-13.10.16:957][247]LogHttp: Warning: 00000159D9A20800: libcurl info message cache 17 (OpenSSL SSL_connect: SSL_ERROR_SYSCALL in connection to datarouter.ol.epicgames.com:443 )
[2025.08.25-13.10.16:957][247]LogHttp: Warning: 00000159D9A20800: libcurl info message cache 18 (Closing connection 110)
[2025.08.25-13.10.17:290][248]LogHttp: Warning: Retry exhausted on https://datarouter.ol.epicgames.com/datarouter/api/v1/public/data?SessionID=%7B3BBFDC15-4D03-0FBB-1B5A-7DA5AA677D45%7D&AppID=UEEditor.Rocket.Release&AppVersion=4.27.2-18319896%2B%2B%2BUE4%2BRelease-4.27&UserID=6bdf4a9142614e3d726214ae13cb3dcf%7C49346de68bdd43cfa9f9c2e2b8bb1f3b%7C3647cd47-06dc-4c43-877f-08c305c365bc&AppEnvironment=datacollector-binary&UploadType=eteventstream
[2025.08.25-13.10.41:234][319]LogWindowsTextInputMethodSystem: Display: IME system deactivated.
[2025.08.25-13.10.41:234][319]LogWindowsTextInputMethodSystem: Display: IME system deactivated.
[2025.08.25-13.10.44:034][474]LogSlate: Updating window title bar state: overlay mode, drag disabled, window buttons hidden, title bar hidden
[2025.08.25-13.10.44:034][474]LogWorld: BeginTearingDown for /Game/Maps/UEDPIE_0_M_Debug
[2025.08.25-13.10.44:034][474]LogWorld: UWorld::CleanupWorld for M_Debug, bSessionEnded=true, bCleanupResources=true
[2025.08.25-13.10.44:034][474]LogSlate: InvalidateAllWidgets triggered.  All widgets were invalidated
[2025.08.25-13.10.44:039][474]LogPlayLevel: Display: Shutting down PIE online subsystems
[2025.08.25-13.10.44:045][474]LogSlate: InvalidateAllWidgets triggered.  All widgets were invalidated
[2025.08.25-13.10.44:074][474]LogAudio: Display: Audio Device unregistered from world 'None'.
[2025.08.25-13.10.44:074][474]LogAudioMixer: FMixerPlatformXAudio2::StopAudioStream() called
[2025.08.25-13.10.44:075][474]LogAudioMixer: FMixerPlatformXAudio2::StopAudioStream() called
[2025.08.25-13.10.44:077][474]LogSlate: Updating window title bar state: overlay mode, drag disabled, window buttons hidden, title bar hidden
[2025.08.25-13.10.44:080][474]LogUObjectHash: Compacting FUObjectHashTables data took   2.69ms
[2025.08.25-13.10.44:120][476]LogPlayLevel: Display: Destroying online subsystem :Context_24
[2025.08.25-13.10.44:439][495]LogEditorViewport: Clicking on Actor (LMB): BP_Sky_Sphere_C (Sky Sphere)
[2025.08.25-13.10.44:635][503]LogUObjectHash: Compacting FUObjectHashTables data took   2.26ms
[2025.08.25-13.11.38:338][844]LogEditorViewport: Clicking on Actor (LMB): StaticMeshActor (Floor)
[2025.08.25-13.12.58:373][602]LogWindowsTextInputMethodSystem: Display: IME system deactivated.
[2025.08.25-13.12.58:376][602]LogWindowsTextInputMethodSystem: Display: IME system activated using TSF (微软拼音).
[2025.08.25-13.13.03:053][871]Cmd: OBJ SAVEPACKAGE PACKAGE="/Game/BluePrints/Characters/BP_Character_base" FILE="E:/programs/UE4_learn/workdemo/Content/BluePrints/Characters/BP_Character_base.uasset" SILENT=true
[2025.08.25-13.13.03:084][871]LogSavePackage: Moving 'E:/programs/UE4_learn/workdemo/Saved/BP_Character_baseD5A9243D455445E179484980AD39D1A3.tmp' to 'E:/programs/UE4_learn/workdemo/Content/BluePrints/Characters/BP_Character_base.uasset'
[2025.08.25-13.13.03:099][871]AssetCheck: New page: Asset Save: BP_Character_base
[2025.08.25-13.13.03:099][871]LogContentValidation: Display: Validating Blueprint /Game/BluePrints/Characters/BP_Character_base.BP_Character_base
[2025.08.25-13.27.54:548][695]Cmd: OBJ SAVEPACKAGE PACKAGE="/Game/BluePrints/Characters/BP_Character_base" FILE="E:/programs/UE4_learn/workdemo/Content/BluePrints/Characters/BP_Character_base.uasset" SILENT=true
[2025.08.25-13.27.54:577][695]LogSavePackage: Moving 'E:/programs/UE4_learn/workdemo/Saved/BP_Character_base253F788240141828B8F8829D32A4F251.tmp' to 'E:/programs/UE4_learn/workdemo/Content/BluePrints/Characters/BP_Character_base.uasset'
[2025.08.25-13.27.54:597][695]AssetCheck: New page: Asset Save: BP_Character_base
[2025.08.25-13.27.54:598][695]LogContentValidation: Display: Validating Blueprint /Game/BluePrints/Characters/BP_Character_base.BP_Character_base
[2025.08.25-13.28.11:634][687]LogSavePackage: Moving 'E:/programs/UE4_learn/workdemo/Saved/BP_CharacterPlayerBase18FBCA9D44B460EDAC273AF9B7E5EA482.tmp' to 'E:/programs/UE4_learn/workdemo/Content/BluePrints/Characters/Player/BP_CharacterPlayerBase1.uasset'
[2025.08.25-13.28.11:649][687]AssetCheck: New page: Asset Save: BP_CharacterPlayerBase1
[2025.08.25-13.28.11:649][687]LogContentValidation: Display: Validating Blueprint /Game/BluePrints/Characters/Player/BP_CharacterPlayerBase1.BP_CharacterPlayerBase1
[2025.08.25-13.28.12:549][740]LogSavePackage: Moving 'E:/programs/UE4_learn/workdemo/Saved/BP_CharacterPlayerBase1D75EBC0E4693C992F50E199A025659A9.tmp' to 'E:/programs/UE4_learn/workdemo/Content/BluePrints/Characters/Player/BP_CharacterPlayerBase1.uasset'
[2025.08.25-13.28.12:564][740]AssetCheck: New page: Asset Save: BP_CharacterPlayerBase1
[2025.08.25-13.28.12:564][740]LogContentValidation: Display: Validating Blueprint /Game/BluePrints/Characters/Player/BP_CharacterPlayerBase1.BP_CharacterPlayerBase1
[2025.08.25-13.28.12:893][759]BlueprintLog: New page: Compile BP_CharacterPlayerBase1
[2025.08.25-13.28.12:952][759]LogUObjectHash: Compacting FUObjectHashTables data took   2.49ms
[2025.08.25-13.28.13:401][784]LogSavePackage: Moving 'E:/programs/UE4_learn/workdemo/Saved/BP_CharacterPlayerBase1827F7A60429524EE8CA3CABC344814D0.tmp' to 'E:/programs/UE4_learn/workdemo/Content/BluePrints/Characters/Player/BP_CharacterPlayerBase1.uasset'
[2025.08.25-13.28.13:414][784]AssetCheck: New page: Asset Save: BP_CharacterPlayerBase1
[2025.08.25-13.28.13:414][784]LogContentValidation: Display: Validating Blueprint /Game/BluePrints/Characters/Player/BP_CharacterPlayerBase1.BP_CharacterPlayerBase1
[2025.08.25-13.28.14:425][845]LogTemp: Repeating last play command: Selected Viewport
[2025.08.25-13.28.14:430][845]LogPlayLevel: PlayLevel: No blueprints needed recompiling
[2025.08.25-13.28.14:430][845]PIE: New page: PIE session: M_Debug (2025年8月26日 上午5:28:14)
[2025.08.25-13.28.14:430][845]LogPlayLevel: Creating play world package: /Game/Maps/UEDPIE_0_M_Debug
[2025.08.25-13.28.14:434][845]LogPlayLevel: PIE: StaticDuplicateObject took: (0.003121s)
[2025.08.25-13.28.14:434][845]LogAIModule: Creating AISystem for world M_Debug
[2025.08.25-13.28.14:435][845]LogPlayLevel: PIE: World Init took: (0.000863s)
[2025.08.25-13.28.14:435][845]LogPlayLevel: PIE: Created PIE world by copying editor world from /Game/Maps/M_Debug.M_Debug to /Game/Maps/UEDPIE_0_M_Debug.M_Debug (0.004071s)
[2025.08.25-13.28.14:463][845]LogUObjectHash: Compacting FUObjectHashTables data took   2.93ms
[2025.08.25-13.28.14:465][845]LogAudio: Display: Creating Audio Device:                 Id: 16, Scope: Unique, Realtime: True
[2025.08.25-13.28.14:465][845]LogAudioMixer: Display: Audio Mixer Platform Settings:
[2025.08.25-13.28.14:465][845]LogAudioMixer: Display: 	Sample Rate:						  48000
[2025.08.25-13.28.14:465][845]LogAudioMixer: Display: 	Callback Buffer Frame Size Requested: 1024
[2025.08.25-13.28.14:465][845]LogAudioMixer: Display: 	Callback Buffer Frame Size To Use:	  1024
[2025.08.25-13.28.14:465][845]LogAudioMixer: Display: 	Number of buffers to queue:			  2
[2025.08.25-13.28.14:465][845]LogAudioMixer: Display: 	Max Channels (voices):				  32
[2025.08.25-13.28.14:465][845]LogAudioMixer: Display: 	Number of Async Source Workers:		  0
[2025.08.25-13.28.14:465][845]LogAudio: Display: AudioDevice MaxSources: 32
[2025.08.25-13.28.14:465][845]LogAudio: Display: Audio Spatialization Plugin: None (built-in).
[2025.08.25-13.28.14:465][845]LogAudio: Display: Audio Reverb Plugin: None (built-in).
[2025.08.25-13.28.14:465][845]LogAudio: Display: Audio Occlusion Plugin: None (built-in).
[2025.08.25-13.28.14:465][845]LogAudioMixer: Display: Initializing audio mixer.
[2025.08.25-13.28.14:470][845]LogAudioMixer: Display: 0: FrontLeft
[2025.08.25-13.28.14:470][845]LogAudioMixer: Display: 1: FrontRight
[2025.08.25-13.28.14:574][845]LogAudioMixer: Display: Using Audio Device 扬声器 (Realtek(R) Audio)
[2025.08.25-13.28.14:574][845]LogAudioMixer: Display: Initializing Sound Submixes...
[2025.08.25-13.28.14:574][845]LogAudioMixer: Display: Creating Master Submix 'MasterSubmixDefault'
[2025.08.25-13.28.14:574][845]LogAudioMixer: Display: Creating Master Submix 'MasterReverbSubmixDefault'
[2025.08.25-13.28.14:575][845]LogAudioMixer: Display: Creating Master Submix 'MasterEQSubmixDefault'
[2025.08.25-13.28.14:575][845]LogAudioMixer: FMixerPlatformXAudio2::StartAudioStream() called
[2025.08.25-13.28.14:575][845]LogAudioMixer: Display: Output buffers initialized: Frames=1024, Channels=2, Samples=2048
[2025.08.25-13.28.14:576][845]LogAudioMixer: Display: Starting AudioMixerPlatformInterface::RunInternal()
[2025.08.25-13.28.14:576][845]LogAudioMixer: Display: FMixerPlatformXAudio2::SubmitBuffer() called for the first time
[2025.08.25-13.28.14:576][845]LogInit: FAudioDevice initialized.
[2025.08.25-13.28.14:576][845]LogAudio: Display: Audio Device (ID: 16) registered with world 'M_Debug'.
[2025.08.25-13.28.14:586][845]LogLoad: Game class is 'GM_workdemoGameModeBase_C'
[2025.08.25-13.28.14:587][845]LogWorld: Bringing World /Game/Maps/UEDPIE_0_M_Debug.M_Debug up for play (max tick rate 60) at 2025.08.25-21.28.14
[2025.08.25-13.28.14:587][845]LogWorld: Bringing up level for play took: 0.000457
[2025.08.25-13.28.14:587][845]LogOnline: OSS: Creating online subsystem instance for: :Context_25
[2025.08.25-13.28.14:590][845]PIE: Server logged in
[2025.08.25-13.28.14:590][845]PIE: Play in editor total start time 0.162 seconds.
[2025.08.25-13.28.16:266][944]LogSlate: Updating window title bar state: overlay mode, drag disabled, window buttons hidden, title bar hidden
[2025.08.25-13.28.16:266][944]LogWorld: BeginTearingDown for /Game/Maps/UEDPIE_0_M_Debug
[2025.08.25-13.28.16:266][944]LogWorld: UWorld::CleanupWorld for M_Debug, bSessionEnded=true, bCleanupResources=true
[2025.08.25-13.28.16:266][944]LogSlate: InvalidateAllWidgets triggered.  All widgets were invalidated
[2025.08.25-13.28.16:277][944]LogPlayLevel: Display: Shutting down PIE online subsystems
[2025.08.25-13.28.16:288][944]LogSlate: InvalidateAllWidgets triggered.  All widgets were invalidated
[2025.08.25-13.28.16:314][944]LogAudio: Display: Audio Device unregistered from world 'None'.
[2025.08.25-13.28.16:314][944]LogAudioMixer: FMixerPlatformXAudio2::StopAudioStream() called
[2025.08.25-13.28.16:315][944]LogAudioMixer: FMixerPlatformXAudio2::StopAudioStream() called
[2025.08.25-13.28.16:317][944]LogSlate: Updating window title bar state: overlay mode, drag disabled, window buttons hidden, title bar hidden
[2025.08.25-13.28.16:320][944]LogUObjectHash: Compacting FUObjectHashTables data took   2.49ms
[2025.08.25-13.28.16:347][945]LogPlayLevel: Display: Destroying online subsystem :Context_25
[2025.08.25-13.31.11:645][966]LogWindowsTextInputMethodSystem: Display: IME system deactivated.
[2025.08.25-13.31.11:645][966]LogWindowsTextInputMethodSystem: Display: IME system deactivated.
[2025.08.25-13.35.12:004][522]LogWindowsTextInputMethodSystem: Display: IME system deactivated.
[2025.08.25-13.35.12:006][522]LogWindowsTextInputMethodSystem: Display: IME system activated using TSF (微软拼音).
[2025.08.25-13.36.34:223][748]LogHotReload: New module detected: UE4Editor-workdemo-0061.dll
[2025.08.25-13.36.34:574][750]LogHotReload: Starting Hot-Reload from IDE
[2025.08.25-13.36.34:604][750]LogClass: Could not find existing class CharacterBase in package /Script/workdemo for HotReload, assuming new class
[2025.08.25-13.36.34:604][750]LogClass: Function CanAct is new.
[2025.08.25-13.36.34:604][750]LogClass: Function EnableAttackCollision is new.
[2025.08.25-13.36.34:604][750]LogClass: Function OnBoxBeginOverlap is new.
[2025.08.25-13.36.34:604][750]LogClass: Function OnBoxEndOverlap is new.
[2025.08.25-13.36.34:604][750]LogClass: Function RecieveAttack is new.
[2025.08.25-13.36.34:604][750]LogClass: Could not find existing class CharacterPlayerBase in package /Script/workdemo for HotReload, assuming new class
[2025.08.25-13.36.34:604][750]LogClass: Function EndAttack is new.
[2025.08.25-13.36.34:604][750]LogClass: Function EndJump is new.
[2025.08.25-13.36.34:604][750]LogClass: Function EndRotateLeft is new.
[2025.08.25-13.36.34:604][750]LogClass: Function EndRotateRight is new.
[2025.08.25-13.36.34:604][750]LogClass: Function Move_X is new.
[2025.08.25-13.36.34:604][750]LogClass: Function Move_Y is new.
[2025.08.25-13.36.34:604][750]LogClass: Function OnAttackAnimationCompleted is new.
[2025.08.25-13.36.34:604][750]LogClass: Function StartAttack is new.
[2025.08.25-13.36.34:604][750]LogClass: Function StartJump is new.
[2025.08.25-13.36.34:604][750]LogClass: Function StartRotateLeft is new.
[2025.08.25-13.36.34:604][750]LogClass: Function StartRotateRight is new.
[2025.08.25-13.36.34:610][750]LogOutputDevice: Warning: 

Script Stack (0 frames):

[2025.08.25-13.36.35:103][750]LogStats: FPlatformStackWalk::StackWalkAndDump -  0.491 s
[2025.08.25-13.36.35:103][750]LogOutputDevice: Error: === Handled ensure: ===
[2025.08.25-13.36.35:103][750]LogOutputDevice: Error: 
[2025.08.25-13.36.35:103][750]LogOutputDevice: Error: Ensure condition failed: InvocationList[ CurFunctionIndex ] != InDelegate [File:D:\Build\++UE4\Sync\Engine\Source\Runtime\Core\Public\UObject/ScriptDelegates.h] [Line: 556]
[2025.08.25-13.36.35:103][750]LogOutputDevice: Error: 
[2025.08.25-13.36.35:103][750]LogOutputDevice: Error: Stack: 
[2025.08.25-13.36.35:103][750]LogOutputDevice: Error: [Callstack] 0x00007ffb38f91279 UE4Editor-CoreUObject.dll!UnknownFunction []
[2025.08.25-13.36.35:103][750]LogOutputDevice: Error: [Callstack] 0x00007ffb38e49b1a UE4Editor-CoreUObject.dll!UnknownFunction []
[2025.08.25-13.36.35:103][750]LogOutputDevice: Error: [Callstack] 0x00007ffa9ded20fa UE4Editor-workdemo-0061.dll!TSparseDynamicDelegate<FComponentBeginOverlapSignature_MCSignature,UPrimitiveComponent,FComponentBeginOverlapSignatureInfoGetter>::__Internal_AddDynamic<ACharacterBase>() [F:\epic\UE_4.27\Engine\Source\Runtime\CoreUObject\Public\UObject\SparseDelegate.h:371]
[2025.08.25-13.36.35:103][750]LogOutputDevice: Error: [Callstack] 0x00007ffa9ded23b7 UE4Editor-workdemo-0061.dll!ACharacterBase::ACharacterBase() [E:\programs\UE4_learn\workdemo\Source\workdemo\CharacterBase.cpp:18]
[2025.08.25-13.36.35:103][750]LogOutputDevice: Error: [Callstack] 0x00007ffb38b761d3 UE4Editor-CoreUObject.dll!UnknownFunction []
[2025.08.25-13.36.35:103][750]LogOutputDevice: Error: [Callstack] 0x00007ffb38e98faf UE4Editor-CoreUObject.dll!UnknownFunction []
[2025.08.25-13.36.35:103][750]LogOutputDevice: Error: [Callstack] 0x00007ffb38e75411 UE4Editor-CoreUObject.dll!UnknownFunction []
[2025.08.25-13.36.35:103][750]LogOutputDevice: Error: [Callstack] 0x00007ffb38d3ddc5 UE4Editor-CoreUObject.dll!UnknownFunction []
[2025.08.25-13.36.35:103][750]LogOutputDevice: Error: [Callstack] 0x00007ffb627b1bea UE4Editor-Core.dll!UnknownFunction []
[2025.08.25-13.36.35:103][750]LogOutputDevice: Error: [Callstack] 0x00007ffb627d15a3 UE4Editor-Core.dll!UnknownFunction []
[2025.08.25-13.36.35:103][750]LogOutputDevice: Error: [Callstack] 0x00007ffb627d0618 UE4Editor-Core.dll!UnknownFunction []
[2025.08.25-13.36.35:103][750]LogOutputDevice: Error: [Callstack] 0x00007ffabf3eb047 UE4Editor-HotReload.dll!UnknownFunction []
[2025.08.25-13.36.35:103][750]LogOutputDevice: Error: [Callstack] 0x00007ffabf3ead48 UE4Editor-HotReload.dll!UnknownFunction []
[2025.08.25-13.36.35:103][750]LogOutputDevice: Error: [Callstack] 0x00007ffabf3fcae2 UE4Editor-HotReload.dll!UnknownFunction []
[2025.08.25-13.36.35:103][750]LogOutputDevice: Error: [Callstack] 0x00007ffb624e1d93 UE4Editor-Core.dll!UnknownFunction []
[2025.08.25-13.36.35:103][750]LogOutputDevice: Error: [Callstack] 0x00007ff7f894bca8 UE4Editor.exe!UnknownFunction []
[2025.08.25-13.36.35:103][750]LogOutputDevice: Error: [Callstack] 0x00007ff7f8960fcc UE4Editor.exe!UnknownFunction []
[2025.08.25-13.36.35:103][750]LogOutputDevice: Error: [Callstack] 0x00007ff7f89610ba UE4Editor.exe!UnknownFunction []
[2025.08.25-13.36.35:103][750]LogOutputDevice: Error: [Callstack] 0x00007ff7f89640dd UE4Editor.exe!UnknownFunction []
[2025.08.25-13.36.35:103][750]LogOutputDevice: Error: [Callstack] 0x00007ff7f8975984 UE4Editor.exe!UnknownFunction []
[2025.08.25-13.36.35:103][750]LogOutputDevice: Error: [Callstack] 0x00007ff7f897853a UE4Editor.exe!UnknownFunction []
[2025.08.25-13.36.35:103][750]LogOutputDevice: Error: [Callstack] 0x00007ffbb073e8d7 KERNEL32.DLL!UnknownFunction []
[2025.08.25-13.36.35:103][750]LogOutputDevice: Error: [Callstack] 0x00007ffbb0cbc34c ntdll.dll!UnknownFunction []
[2025.08.25-13.36.35:103][750]LogOutputDevice: Error: 
[2025.08.25-13.36.35:104][750]LogStats:                SubmitErrorReport -  0.000 s
[2025.08.25-13.36.37:314][750]LogStats:                    SendNewReport -  2.211 s
[2025.08.25-13.36.37:315][750]LogStats:             FDebug::EnsureFailed -  2.706 s
[2025.08.25-13.36.37:324][750]LogHotReload: Re-instancing CharacterBase after hot-reload.
[2025.08.25-13.36.37:363][750]LogHotReload: Re-instancing CharacterPlayerBase after hot-reload.
[2025.08.25-13.36.37:409][750]LogNativeClassHierarchy: Verbose: Native class hierarchy updated for 'workdemo' in 0.0003 seconds. Added 3 classes and 2 folders.
[2025.08.25-13.36.37:414][750]Display: HotReload successful (0 functions remapped  0 scriptstructs remapped)
[2025.08.25-13.36.37:550][750]LogNativeClassHierarchy: Verbose: Native class hierarchy populated in 0.0073 seconds. Added 3882 classes and 945 folders.
[2025.08.25-13.36.37:554][750]Display: HotReload took  3.0s.
[2025.08.25-13.36.37:790][750]LogAudioMixer: Resetting audio stream to device id 
[2025.08.25-13.36.37:798][750]LogAudioMixer: Display: 0: FrontLeft
[2025.08.25-13.36.37:798][750]LogAudioMixer: Display: 1: FrontRight
[2025.08.25-13.36.42:537][871]LogTemp: Repeating last play command: Selected Viewport
[2025.08.25-13.36.42:543][871]LogPlayLevel: PlayLevel: No blueprints needed recompiling
[2025.08.25-13.36.42:543][871]PIE: New page: PIE session: M_Debug (2025年8月26日 上午5:36:42)
[2025.08.25-13.36.42:543][871]LogPlayLevel: Creating play world package: /Game/Maps/UEDPIE_0_M_Debug
[2025.08.25-13.36.42:545][871]LogPlayLevel: PIE: StaticDuplicateObject took: (0.002795s)
[2025.08.25-13.36.42:546][871]LogAIModule: Creating AISystem for world M_Debug
[2025.08.25-13.36.42:546][871]LogPlayLevel: PIE: World Init took: (0.000863s)
[2025.08.25-13.36.42:546][871]LogPlayLevel: PIE: Created PIE world by copying editor world from /Game/Maps/M_Debug.M_Debug to /Game/Maps/UEDPIE_0_M_Debug.M_Debug (0.003749s)
[2025.08.25-13.36.42:617][871]LogUObjectHash: Compacting FUObjectHashTables data took   4.50ms
[2025.08.25-13.36.42:619][871]LogAudio: Display: Creating Audio Device:                 Id: 17, Scope: Unique, Realtime: True
[2025.08.25-13.36.42:620][871]LogAudioMixer: Display: Audio Mixer Platform Settings:
[2025.08.25-13.36.42:620][871]LogAudioMixer: Display: 	Sample Rate:						  48000
[2025.08.25-13.36.42:620][871]LogAudioMixer: Display: 	Callback Buffer Frame Size Requested: 1024
[2025.08.25-13.36.42:620][871]LogAudioMixer: Display: 	Callback Buffer Frame Size To Use:	  1024
[2025.08.25-13.36.42:620][871]LogAudioMixer: Display: 	Number of buffers to queue:			  2
[2025.08.25-13.36.42:620][871]LogAudioMixer: Display: 	Max Channels (voices):				  32
[2025.08.25-13.36.42:620][871]LogAudioMixer: Display: 	Number of Async Source Workers:		  0
[2025.08.25-13.36.42:620][871]LogAudio: Display: AudioDevice MaxSources: 32
[2025.08.25-13.36.42:620][871]LogAudio: Display: Audio Spatialization Plugin: None (built-in).
[2025.08.25-13.36.42:620][871]LogAudio: Display: Audio Reverb Plugin: None (built-in).
[2025.08.25-13.36.42:620][871]LogAudio: Display: Audio Occlusion Plugin: None (built-in).
[2025.08.25-13.36.42:620][871]LogAudioMixer: Display: Initializing audio mixer.
[2025.08.25-13.36.42:624][871]LogAudioMixer: Display: 0: FrontLeft
[2025.08.25-13.36.42:624][871]LogAudioMixer: Display: 1: FrontRight
[2025.08.25-13.36.42:714][871]LogAudioMixer: Display: Using Audio Device 扬声器 (Realtek(R) Audio)
[2025.08.25-13.36.42:715][871]LogAudioMixer: Display: Initializing Sound Submixes...
[2025.08.25-13.36.42:715][871]LogAudioMixer: Display: Creating Master Submix 'MasterSubmixDefault'
[2025.08.25-13.36.42:715][871]LogAudioMixer: Display: Creating Master Submix 'MasterReverbSubmixDefault'
[2025.08.25-13.36.42:715][871]LogAudioMixer: Display: Creating Master Submix 'MasterEQSubmixDefault'
[2025.08.25-13.36.42:715][871]LogAudioMixer: FMixerPlatformXAudio2::StartAudioStream() called
[2025.08.25-13.36.42:715][871]LogAudioMixer: Display: Output buffers initialized: Frames=1024, Channels=2, Samples=2048
[2025.08.25-13.36.42:716][871]LogAudioMixer: Display: Starting AudioMixerPlatformInterface::RunInternal()
[2025.08.25-13.36.42:716][871]LogAudioMixer: Display: FMixerPlatformXAudio2::SubmitBuffer() called for the first time
[2025.08.25-13.36.42:716][871]LogInit: FAudioDevice initialized.
[2025.08.25-13.36.42:716][871]LogAudio: Display: Audio Device (ID: 17) registered with world 'M_Debug'.
[2025.08.25-13.36.42:728][871]LogLoad: Game class is 'GM_workdemoGameModeBase_C'
[2025.08.25-13.36.42:729][871]LogWorld: Bringing World /Game/Maps/UEDPIE_0_M_Debug.M_Debug up for play (max tick rate 60) at 2025.08.25-21.36.42
[2025.08.25-13.36.42:729][871]LogWorld: Bringing up level for play took: 0.000489
[2025.08.25-13.36.42:729][871]LogOnline: OSS: Creating online subsystem instance for: :Context_26
[2025.08.25-13.36.42:734][871]PIE: Server logged in
[2025.08.25-13.36.42:734][871]PIE: Play in editor total start time 0.193 seconds.
[2025.08.25-13.36.44:636][983]LogSlate: Updating window title bar state: overlay mode, drag disabled, window buttons hidden, title bar hidden
[2025.08.25-13.36.44:636][983]LogWorld: BeginTearingDown for /Game/Maps/UEDPIE_0_M_Debug
[2025.08.25-13.36.44:636][983]LogWorld: UWorld::CleanupWorld for M_Debug, bSessionEnded=true, bCleanupResources=true
[2025.08.25-13.36.44:636][983]LogSlate: InvalidateAllWidgets triggered.  All widgets were invalidated
[2025.08.25-13.36.44:649][983]LogPlayLevel: Display: Shutting down PIE online subsystems
[2025.08.25-13.36.44:660][983]LogSlate: InvalidateAllWidgets triggered.  All widgets were invalidated
[2025.08.25-13.36.44:685][983]LogAudio: Display: Audio Device unregistered from world 'None'.
[2025.08.25-13.36.44:688][983]LogAudioMixer: FMixerPlatformXAudio2::StopAudioStream() called
[2025.08.25-13.36.44:689][983]LogAudioMixer: FMixerPlatformXAudio2::StopAudioStream() called
[2025.08.25-13.36.44:690][983]LogSlate: Updating window title bar state: overlay mode, drag disabled, window buttons hidden, title bar hidden
[2025.08.25-13.36.44:713][983]LogUObjectHash: Compacting FUObjectHashTables data took   2.90ms
[2025.08.25-13.36.44:740][984]LogPlayLevel: Display: Destroying online subsystem :Context_26
[2025.08.25-13.37.07:830][415]Candidate modules for hot reload:
[2025.08.25-13.37.07:830][415]  workdemo
[2025.08.25-13.37.07:830][415]Launching UnrealBuildTool... [F:/epic/UE_4.27/Engine/Binaries/DotNET/UnrealBuildTool.exe  -ModuleWithSuffix=workdemo,9077 workdemoEditor Win64 Development -Project="E:/programs/UE4_learn/workdemo/workdemo.uproject" "E:/programs/UE4_learn/workdemo/workdemo.uproject"  -IgnoreJunk]
[2025.08.25-13.37.07:840][415]Warning: Starting HotReload took  0.0s.
[2025.08.25-13.37.08:463][424]CompilerResultsLog: New page: Compilation - 2025年8月26日 上午5:37:08
[2025.08.25-13.37.08:463][424]CompilerResultsLog: ERROR: A conflicting instance of UnrealBuildTool is already running.
[2025.08.25-13.37.08:464][424]LogMainFrame: MainFrame: Module compiling took 0.638 seconds
[2025.08.25-13.37.08:464][424]Warning: HotReload failed, recompile failed
[2025.08.25-13.37.11:514][436]Candidate modules for hot reload:
[2025.08.25-13.37.11:514][436]  workdemo
[2025.08.25-13.37.11:514][436]Launching UnrealBuildTool... [F:/epic/UE_4.27/Engine/Binaries/DotNET/UnrealBuildTool.exe  -ModuleWithSuffix=workdemo,0168 workdemoEditor Win64 Development -Project="E:/programs/UE4_learn/workdemo/workdemo.uproject" "E:/programs/UE4_learn/workdemo/workdemo.uproject"  -IgnoreJunk]
[2025.08.25-13.37.11:524][436]Warning: Starting HotReload took  0.0s.
[2025.08.25-13.37.15:563][604]CompilerResultsLog: New page: Compilation - 2025年8月26日 上午5:37:15
[2025.08.25-13.37.15:563][604]CompilerResultsLog: Using 'git status' to determine working set for adaptive non-unity build (E:\programs\UE4_learn\workdemo).
[2025.08.25-13.37.15:563][604]CompilerResultsLog: Parsing headers for workdemoEditor
[2025.08.25-13.37.15:563][604]CompilerResultsLog:   Running UnrealHeaderTool "E:\programs\UE4_learn\workdemo\workdemo.uproject" "E:\programs\UE4_learn\workdemo\Intermediate\Build\Win64\workdemoEditor\Development\workdemoEditor.uhtmanifest" -LogCmds="loginit warning, logexit warning, logdatabase error" -Unattended -WarningsAsErrors -abslog="C:\Users\XiDeao\AppData\Local\UnrealBuildTool\Log_UHT.txt" -installed
[2025.08.25-13.37.15:563][604]CompilerResultsLog: LogInit: Display: Loading text-based GConfig....
[2025.08.25-13.37.15:563][604]CompilerResultsLog: Error: E:/programs/UE4_learn/workdemo/Source/workdemo/CharacterBase.h(42)  : Error: 'BlueprintAssignable' is only allowed on multicast delegate properties
[2025.08.25-13.37.15:563][604]LogMainFrame: MainFrame: Module compiling took 4.054 seconds
[2025.08.25-13.37.15:563][604]Warning: HotReload failed, recompile failed
[2025.08.25-13.40.24:988][980]LogAssetEditorSubsystem: Opening Asset editor for PaperZDAnimSequence_Flipbook /Game/BluePrints/Characters/Player/Captain/AnimSequences/Attack.Attack
[2025.08.25-13.40.25:269][980]LogContentBrowser: Verbose: The majority of assets in the view are of type: PaperZDAnimSequence_Flipbook
[2025.08.25-13.40.25:369][985]LogScript: Warning: Accessed None trying to read property K2Node_Event_OwningInstance_1
	ANS_Attack_C /Game/BluePrints/Characters/Player/Captain/AnimSequences/Attack.Attack:ANS_Attack_C_0
	Function /Game/BluePrints/NotfyState/ANS_Attack.ANS_Attack_C:ExecuteUbergraph_ANS_Attack:016E
[2025.08.25-13.40.25:369][985]LogScript: Warning: Accessed None trying to read property K2Node_Event_OwningInstance_1
	ANS_Attack_C /Game/BluePrints/Characters/Player/Captain/AnimSequences/Attack.Attack:ANS_Attack_C_0
	Function /Game/BluePrints/NotfyState/ANS_Attack.ANS_Attack_C:ExecuteUbergraph_ANS_Attack:0216
[2025.08.25-13.40.25:468][991]LogScript: Warning: Accessed None trying to read property K2Node_Event_OwningInstance
	ANS_Attack_C /Game/BluePrints/Characters/Player/Captain/AnimSequences/Attack.Attack:ANS_Attack_C_0
	Function /Game/BluePrints/NotfyState/ANS_Attack.ANS_Attack_C:ExecuteUbergraph_ANS_Attack:0020
[2025.08.25-13.40.25:468][991]LogScript: Warning: Accessed None trying to read property K2Node_Event_OwningInstance
	ANS_Attack_C /Game/BluePrints/Characters/Player/Captain/AnimSequences/Attack.Attack:ANS_Attack_C_0
	Function /Game/BluePrints/NotfyState/ANS_Attack.ANS_Attack_C:ExecuteUbergraph_ANS_Attack:00C8
[2025.08.25-13.40.25:669][  3]LogScript: Warning: Accessed None trying to read property K2Node_Event_OwningInstance_1
	ANS_Attack_C /Game/BluePrints/Characters/Player/Captain/AnimSequences/Attack.Attack:ANS_Attack_C_0
	Function /Game/BluePrints/NotfyState/ANS_Attack.ANS_Attack_C:ExecuteUbergraph_ANS_Attack:016E
[2025.08.25-13.40.25:669][  3]LogScript: Warning: Accessed None trying to read property K2Node_Event_OwningInstance_1
	ANS_Attack_C /Game/BluePrints/Characters/Player/Captain/AnimSequences/Attack.Attack:ANS_Attack_C_0
	Function /Game/BluePrints/NotfyState/ANS_Attack.ANS_Attack_C:ExecuteUbergraph_ANS_Attack:0216
[2025.08.25-13.40.25:769][  9]LogScript: Warning: Accessed None trying to read property K2Node_Event_OwningInstance
	ANS_Attack_C /Game/BluePrints/Characters/Player/Captain/AnimSequences/Attack.Attack:ANS_Attack_C_0
	Function /Game/BluePrints/NotfyState/ANS_Attack.ANS_Attack_C:ExecuteUbergraph_ANS_Attack:0020
[2025.08.25-13.40.25:769][  9]LogScript: Warning: Accessed None trying to read property K2Node_Event_OwningInstance
	ANS_Attack_C /Game/BluePrints/Characters/Player/Captain/AnimSequences/Attack.Attack:ANS_Attack_C_0
	Function /Game/BluePrints/NotfyState/ANS_Attack.ANS_Attack_C:ExecuteUbergraph_ANS_Attack:00C8
[2025.08.25-13.40.25:969][ 21]LogScript: Warning: Accessed None trying to read property K2Node_Event_OwningInstance_1
	ANS_Attack_C /Game/BluePrints/Characters/Player/Captain/AnimSequences/Attack.Attack:ANS_Attack_C_0
	Function /Game/BluePrints/NotfyState/ANS_Attack.ANS_Attack_C:ExecuteUbergraph_ANS_Attack:016E
[2025.08.25-13.40.25:969][ 21]LogScript: Warning: Accessed None trying to read property K2Node_Event_OwningInstance_1
	ANS_Attack_C /Game/BluePrints/Characters/Player/Captain/AnimSequences/Attack.Attack:ANS_Attack_C_0
	Function /Game/BluePrints/NotfyState/ANS_Attack.ANS_Attack_C:ExecuteUbergraph_ANS_Attack:0216
[2025.08.25-13.40.26:069][ 27]LogScript: Warning: Accessed None trying to read property K2Node_Event_OwningInstance
	ANS_Attack_C /Game/BluePrints/Characters/Player/Captain/AnimSequences/Attack.Attack:ANS_Attack_C_0
	Function /Game/BluePrints/NotfyState/ANS_Attack.ANS_Attack_C:ExecuteUbergraph_ANS_Attack:0020
[2025.08.25-13.40.26:069][ 27]LogScript: Warning: Accessed None trying to read property K2Node_Event_OwningInstance
	ANS_Attack_C /Game/BluePrints/Characters/Player/Captain/AnimSequences/Attack.Attack:ANS_Attack_C_0
	Function /Game/BluePrints/NotfyState/ANS_Attack.ANS_Attack_C:ExecuteUbergraph_ANS_Attack:00C8
[2025.08.25-13.40.26:268][ 39]LogScript: Warning: Accessed None trying to read property K2Node_Event_OwningInstance_1
	ANS_Attack_C /Game/BluePrints/Characters/Player/Captain/AnimSequences/Attack.Attack:ANS_Attack_C_0
	Function /Game/BluePrints/NotfyState/ANS_Attack.ANS_Attack_C:ExecuteUbergraph_ANS_Attack:016E
[2025.08.25-13.40.26:268][ 39]LogScript: Warning: Accessed None trying to read property K2Node_Event_OwningInstance_1
	ANS_Attack_C /Game/BluePrints/Characters/Player/Captain/AnimSequences/Attack.Attack:ANS_Attack_C_0
	Function /Game/BluePrints/NotfyState/ANS_Attack.ANS_Attack_C:ExecuteUbergraph_ANS_Attack:0216
[2025.08.25-13.40.26:369][ 45]LogScript: Warning: Accessed None trying to read property K2Node_Event_OwningInstance
	ANS_Attack_C /Game/BluePrints/Characters/Player/Captain/AnimSequences/Attack.Attack:ANS_Attack_C_0
	Function /Game/BluePrints/NotfyState/ANS_Attack.ANS_Attack_C:ExecuteUbergraph_ANS_Attack:0020
[2025.08.25-13.40.26:369][ 45]LogScript: Warning: Accessed None trying to read property K2Node_Event_OwningInstance
	ANS_Attack_C /Game/BluePrints/Characters/Player/Captain/AnimSequences/Attack.Attack:ANS_Attack_C_0
	Function /Game/BluePrints/NotfyState/ANS_Attack.ANS_Attack_C:ExecuteUbergraph_ANS_Attack:00C8
[2025.08.25-13.40.27:064][ 86]LogWorld: UWorld::CleanupWorld for World_10, bSessionEnded=true, bCleanupResources=true
[2025.08.25-13.40.27:064][ 86]LogSlate: InvalidateAllWidgets triggered.  All widgets were invalidated
[2025.08.25-13.42.50:977][936]LogSavePackage: Moving 'E:/programs/UE4_learn/workdemo/Saved/BP_CharacterPlayerBase126750F9A4FA63D97A74A61A69B61D078.tmp' to 'E:/programs/UE4_learn/workdemo/Content/BluePrints/Characters/Player/BP_CharacterPlayerBase1.uasset'
[2025.08.25-13.42.50:996][936]AssetCheck: New page: Asset Save: BP_CharacterPlayerBase1
[2025.08.25-13.42.50:996][936]LogContentValidation: Display: Validating Blueprint /Game/BluePrints/Characters/Player/BP_CharacterPlayerBase1.BP_CharacterPlayerBase1
[2025.08.25-13.44.49:281][458]Candidate modules for hot reload:
[2025.08.25-13.44.49:281][458]  workdemo
[2025.08.25-13.44.49:281][458]Launching UnrealBuildTool... [F:/epic/UE_4.27/Engine/Binaries/DotNET/UnrealBuildTool.exe  -ModuleWithSuffix=workdemo,7656 workdemoEditor Win64 Development -Project="E:/programs/UE4_learn/workdemo/workdemo.uproject" "E:/programs/UE4_learn/workdemo/workdemo.uproject"  -IgnoreJunk]
[2025.08.25-13.44.49:290][458]Warning: Starting HotReload took  0.0s.
[2025.08.25-13.44.50:672][524]CompilerResultsLog: New page: Compilation - 2025年8月26日 上午5:44:50
[2025.08.25-13.44.50:672][524]CompilerResultsLog: Using 'git status' to determine working set for adaptive non-unity build (E:\programs\UE4_learn\workdemo).
[2025.08.25-13.44.50:672][524]CompilerResultsLog: Building workdemoEditor...
[2025.08.25-13.44.50:672][524]CompilerResultsLog: Using Visual Studio 2022 14.44.35215 toolchain (D:\software\gamedev\VC\Tools\MSVC\14.44.35207) and Windows 10.0.26100.0 SDK (C:\Program Files (x86)\Windows Kits\10).
[2025.08.25-13.44.50:672][524]CompilerResultsLog: Building 3 actions with 20 processes...
[2025.08.25-13.44.50:672][524]CompilerResultsLog:   [1/3] UE4Editor-workdemo-7656.lib
[2025.08.25-13.44.50:672][524]CompilerResultsLog:     ???ڴ????? E:\programs\UE4_learn\workdemo\Intermediate\Build\Win64\UE4Editor\Development\workdemo\UE4Editor-workdemo-7656.lib ?Ͷ??? E:\programs\UE4_learn\workdemo\Intermediate\Build\Win64\UE4Editor\Development\workdemo\UE4Editor-workdemo-7656.exp
[2025.08.25-13.44.50:672][524]CompilerResultsLog:   [2/3] UE4Editor-workdemo-7656.dll
[2025.08.25-13.44.50:672][524]CompilerResultsLog:     ???ڴ????? E:\programs\UE4_learn\workdemo\Intermediate\Build\Win64\UE4Editor\Development\workdemo\UE4Editor-workdemo-7656.suppressed.lib ?Ͷ??? E:\programs\UE4_learn\workdemo\Intermediate\Build\Win64\UE4Editor\Development\workdemo\UE4Editor-workdemo-7656.suppressed.exp
[2025.08.25-13.44.50:672][524]CompilerResultsLog:   [3/3] workdemoEditor.target
[2025.08.25-13.44.50:672][524]CompilerResultsLog: Total time in Parallel executor: 0.72 seconds
[2025.08.25-13.44.50:672][524]CompilerResultsLog: Total execution time: 1.30 seconds
[2025.08.25-13.44.50:672][524]LogMainFrame: MainFrame: Module compiling took 1.396 seconds
[2025.08.25-13.44.50:685][524]LogClass: Could not find existing class CharacterBase in package /Script/workdemo for HotReload, assuming new class
[2025.08.25-13.44.50:685][524]LogClass: Function EnableAttackCollision is new.
[2025.08.25-13.44.50:685][524]LogClass: Function OnBoxBeginOverlap is new.
[2025.08.25-13.44.50:685][524]LogClass: Function OnBoxEndOverlap is new.
[2025.08.25-13.44.50:685][524]LogClass: Function RecieveAttack is new.
[2025.08.25-13.44.50:685][524]LogClass: Could not find existing class CharacterPlayerBase in package /Script/workdemo for HotReload, assuming new class
[2025.08.25-13.44.50:685][524]LogClass: Function EndAttack is new.
[2025.08.25-13.44.50:686][524]LogClass: Function EndJump is new.
[2025.08.25-13.44.50:686][524]LogClass: Function EndRotateLeft is new.
[2025.08.25-13.44.50:686][524]LogClass: Function EndRotateRight is new.
[2025.08.25-13.44.50:686][524]LogClass: Function Move_X is new.
[2025.08.25-13.44.50:686][524]LogClass: Function Move_Y is new.
[2025.08.25-13.44.50:686][524]LogClass: Function OnAttackAnimationCompleted is new.
[2025.08.25-13.44.50:686][524]LogClass: Function StartAttack is new.
[2025.08.25-13.44.50:686][524]LogClass: Function StartJump is new.
[2025.08.25-13.44.50:686][524]LogClass: Function StartRotateLeft is new.
[2025.08.25-13.44.50:686][524]LogClass: Function StartRotateRight is new.
[2025.08.25-13.44.50:699][524]LogHotReload: Re-instancing CharacterBase after hot-reload.
[2025.08.25-13.44.50:731][524]LogHotReload: Re-instancing CharacterPlayerBase after hot-reload.
[2025.08.25-13.44.50:805][524]LogNativeClassHierarchy: Verbose: Native class hierarchy updated for 'workdemo' in 0.0002 seconds. Added 3 classes and 2 folders.
[2025.08.25-13.44.50:813][524]Display: HotReload successful (0 functions remapped  0 scriptstructs remapped)
[2025.08.25-13.44.50:979][524]LogNativeClassHierarchy: Verbose: Native class hierarchy populated in 0.0073 seconds. Added 3882 classes and 945 folders.
[2025.08.25-13.44.50:979][524]Display: HotReload took  1.7s.
[2025.08.25-13.45.06:855][439]LogSavePackage: Moving 'E:/programs/UE4_learn/workdemo/Saved/BP_CharacterPlayerBase1EC56E39F44B31441BEC61896D6E021CA.tmp' to 'E:/programs/UE4_learn/workdemo/Content/BluePrints/Characters/Player/BP_CharacterPlayerBase1.uasset'
[2025.08.25-13.45.06:869][439]AssetCheck: New page: Asset Save: BP_CharacterPlayerBase1
[2025.08.25-13.45.06:869][439]LogContentValidation: Display: Validating Blueprint /Game/BluePrints/Characters/Player/BP_CharacterPlayerBase1.BP_CharacterPlayerBase1
[2025.08.25-13.50.04:997][376]LogWindowsTextInputMethodSystem: Display: IME system deactivated.
[2025.08.25-13.50.04:998][376]LogWindowsTextInputMethodSystem: Display: IME system deactivated.
[2025.08.25-13.50.06:356][454]BlueprintLog: New page: Compile BP_CharacterPlayerBase1
[2025.08.25-13.50.06:504][454]LogUObjectHash: Compacting FUObjectHashTables data took   5.46ms
[2025.08.25-13.51.51:489][255]LogSelectionDetails: Warning: NavigateToFunctionSource:  Unable to find symbols for 'UPaperZDAnimInstance::StopAllAnimationOverrides' [找不到元素。]
[2025.08.25-13.54.13:857][436]LogWindowsTextInputMethodSystem: Display: IME system deactivated.
[2025.08.25-13.54.13:861][436]LogWindowsTextInputMethodSystem: Display: IME system activated using TSF (微软拼音).
[2025.08.25-13.54.42:011][998]LogUObjectHash: Compacting FUObjectHashTables data took   4.18ms
[2025.08.25-13.54.42:013][998]LogFileHelpers: Editor autosave (incl. external actors) for '/Game/Maps/M_Debug' took 0.088
[2025.08.25-13.54.42:015][998]OBJ SavePackage: Generating thumbnails for [0] asset(s) in package [/Game/BluePrints/Characters/BP_Character_base] ([2] browsable assets)...
[2025.08.25-13.54.42:015][998]OBJ SavePackage: Finished generating thumbnails for package [/Game/BluePrints/Characters/BP_Character_base]
[2025.08.25-13.54.42:054][998]LogSavePackage: Moving 'E:/programs/UE4_learn/workdemo/Saved/BP_Character_base_Auto37E483AD64444DD187C4A83A61E5525A5.tmp' to 'E:/programs/UE4_learn/workdemo/Saved/Autosaves/Game/BluePrints/Characters/BP_Character_base_Auto3.uasset'
[2025.08.25-13.54.42:056][998]LogFileHelpers: Auto-saving content packages took 0.042
[2025.08.25-14.03.35:950][269]LogHotReload: New module detected: UE4Editor-workdemo-0005.dll
[2025.08.25-14.03.36:303][271]LogHotReload: Starting Hot-Reload from IDE
[2025.08.25-14.03.36:350][271]LogClass: Could not find existing class CharacterBase in package /Script/workdemo for HotReload, assuming new class
[2025.08.25-14.03.36:350][271]LogClass: Function EnableAttackCollision is new.
[2025.08.25-14.03.36:350][271]LogClass: Function OnBoxBeginOverlap is new.
[2025.08.25-14.03.36:350][271]LogClass: Function OnBoxEndOverlap is new.
[2025.08.25-14.03.36:350][271]LogClass: Function RecieveAttack is new.
[2025.08.25-14.03.36:350][271]LogClass: Could not find existing class CharacterPlayerBase in package /Script/workdemo for HotReload, assuming new class
[2025.08.25-14.03.36:350][271]LogClass: Function EndAttack is new.
[2025.08.25-14.03.36:350][271]LogClass: Function EndJump is new.
[2025.08.25-14.03.36:350][271]LogClass: Function EndRotateLeft is new.
[2025.08.25-14.03.36:350][271]LogClass: Function EndRotateRight is new.
[2025.08.25-14.03.36:350][271]LogClass: Function Move_X is new.
[2025.08.25-14.03.36:350][271]LogClass: Function Move_Y is new.
[2025.08.25-14.03.36:350][271]LogClass: Function OnAttackAnimationCompleted is new.
[2025.08.25-14.03.36:350][271]LogClass: Function StartAttack is new.
[2025.08.25-14.03.36:350][271]LogClass: Function StartJump is new.
[2025.08.25-14.03.36:350][271]LogClass: Function StartRotateLeft is new.
[2025.08.25-14.03.36:350][271]LogClass: Function StartRotateRight is new.
[2025.08.25-14.03.36:365][271]LogHotReload: Re-instancing CharacterBase after hot-reload.
[2025.08.25-14.03.36:400][271]LogHotReload: Re-instancing CharacterPlayerBase after hot-reload.
[2025.08.25-14.03.36:472][271]LogNativeClassHierarchy: Verbose: Native class hierarchy updated for 'workdemo' in 0.0003 seconds. Added 3 classes and 2 folders.
[2025.08.25-14.03.36:483][271]Display: HotReload successful (0 functions remapped  0 scriptstructs remapped)
[2025.08.25-14.03.36:617][271]LogNativeClassHierarchy: Verbose: Native class hierarchy populated in 0.0074 seconds. Added 3882 classes and 945 folders.
[2025.08.25-14.03.36:621][271]Display: HotReload took  0.3s.
[2025.08.25-14.04.29:789][430]LogWindowsTextInputMethodSystem: Display: IME system deactivated.
[2025.08.25-14.04.29:789][430]LogWindowsTextInputMethodSystem: Display: IME system deactivated.
[2025.08.25-14.05.04:350][970]LogWindowsTextInputMethodSystem: Display: IME system deactivated.
[2025.08.25-14.05.04:352][970]LogWindowsTextInputMethodSystem: Display: IME system activated using TSF (微软拼音).
[2025.08.25-14.05.12:545][181]LogWindowsTextInputMethodSystem: Display: IME system deactivated.
[2025.08.25-14.05.12:546][181]LogWindowsTextInputMethodSystem: Display: IME system deactivated.
[2025.08.25-14.20.17:011][718]LogHttp: Warning: 000001597F454F00: invalid HTTP response code received. URL: https://datarouter.ol.epicgames.com/datarouter/api/v1/public/data?SessionID=%7B3BBFDC15-4D03-0FBB-1B5A-7DA5AA677D45%7D&AppID=UEEditor.Rocket.Release&AppVersion=4.27.2-18319896%2B%2B%2BUE4%2BRelease-4.27&UserID=6bdf4a9142614e3d726214ae13cb3dcf%7C49346de68bdd43cfa9f9c2e2b8bb1f3b%7C3647cd47-06dc-4c43-877f-08c305c365bc&AppEnvironment=datacollector-binary&UploadType=eteventstream, HTTP code: 0, content length: 0, actual payload size: 0
[2025.08.25-14.20.17:011][718]LogHttp: Warning: 000001597F454F00: request failed, libcurl error: 35 (SSL connect error)
[2025.08.25-14.20.17:011][718]LogHttp: Warning: 000001597F454F00: libcurl info message cache 0 (Connection 179 seems to be dead!)
[2025.08.25-14.20.17:011][718]LogHttp: Warning: 000001597F454F00: libcurl info message cache 1 (Closing connection 179)
[2025.08.25-14.20.17:011][718]LogHttp: Warning: 000001597F454F00: libcurl info message cache 2 (TLSv1.3 (OUT), TLS Unknown, Unknown (21):)
[2025.08.25-14.20.17:011][718]LogHttp: Warning: 000001597F454F00: libcurl info message cache 3 (TLSv1.3 (OUT), TLS alert, Client hello (1):)
[2025.08.25-14.20.17:011][718]LogHttp: Warning: 000001597F454F00: libcurl info message cache 4 (  Trying 127.0.0.1...)
[2025.08.25-14.20.17:011][718]LogHttp: Warning: 000001597F454F00: libcurl info message cache 5 (TCP_NODELAY set)
[2025.08.25-14.20.17:011][718]LogHttp: Warning: 000001597F454F00: libcurl info message cache 6 (Connected to 127.0.0.1 (127.0.0.1) port 7890 (#180))
[2025.08.25-14.20.17:011][718]LogHttp: Warning: 000001597F454F00: libcurl info message cache 7 (allocate connect buffer!)
[2025.08.25-14.20.17:011][718]LogHttp: Warning: 000001597F454F00: libcurl info message cache 8 (Establish HTTP proxy tunnel to datarouter.ol.epicgames.com:443)
[2025.08.25-14.20.17:011][718]LogHttp: Warning: 000001597F454F00: libcurl info message cache 9 (Proxy replied OK to CONNECT request)
[2025.08.25-14.20.17:011][718]LogHttp: Warning: 000001597F454F00: libcurl info message cache 10 (CONNECT phase completed!)
[2025.08.25-14.20.17:011][718]LogHttp: Warning: 000001597F454F00: libcurl info message cache 11 (ALPN, offering http/1.1)
[2025.08.25-14.20.17:011][718]LogHttp: Warning: 000001597F454F00: libcurl info message cache 12 (Cipher selection: ALL:!EXPORT:!EXPORT40:!EXPORT56:!aNULL:!LOW:!RC4:@STRENGTH)
[2025.08.25-14.20.17:011][718]LogHttp: Warning: 000001597F454F00: libcurl info message cache 13 (SSL re-using session ID)
[2025.08.25-14.20.17:011][718]LogHttp: Warning: 000001597F454F00: libcurl info message cache 14 (TLSv1.3 (OUT), TLS handshake, Client hello (1):)
[2025.08.25-14.20.17:011][718]LogHttp: Warning: 000001597F454F00: libcurl info message cache 15 (CONNECT phase completed!)
[2025.08.25-14.20.17:011][718]LogHttp: Warning: 000001597F454F00: libcurl info message cache 16 (CONNECT phase completed!)
[2025.08.25-14.20.17:011][718]LogHttp: Warning: 000001597F454F00: libcurl info message cache 17 (OpenSSL SSL_connect: SSL_ERROR_SYSCALL in connection to datarouter.ol.epicgames.com:443 )
[2025.08.25-14.20.17:011][718]LogHttp: Warning: 000001597F454F00: libcurl info message cache 18 (Closing connection 180)
[2025.08.25-14.20.17:011][718]LogHttp: Warning: Retry exhausted on https://datarouter.ol.epicgames.com/datarouter/api/v1/public/data?SessionID=%7B3BBFDC15-4D03-0FBB-1B5A-7DA5AA677D45%7D&AppID=UEEditor.Rocket.Release&AppVersion=4.27.2-18319896%2B%2B%2BUE4%2BRelease-4.27&UserID=6bdf4a9142614e3d726214ae13cb3dcf%7C49346de68bdd43cfa9f9c2e2b8bb1f3b%7C3647cd47-06dc-4c43-877f-08c305c365bc&AppEnvironment=datacollector-binary&UploadType=eteventstream
[2025.08.25-15.52.37:306][253]LogWindowsTextInputMethodSystem: Display: IME system deactivated.
[2025.08.25-15.52.37:309][253]LogWindowsTextInputMethodSystem: Display: IME system activated using TSF (微软拼音).
[2025.08.25-15.52.39:055][340]LogUObjectHash: Compacting FUObjectHashTables data took   4.44ms
[2025.08.25-15.52.39:090][340]Cmd: OBJ SAVEPACKAGE PACKAGE="/Game/BluePrints/Characters/BP_Character_base" FILE="E:/programs/UE4_learn/workdemo/Content/BluePrints/Characters/BP_Character_base.uasset" SILENT=true
[2025.08.25-15.52.39:128][340]LogSavePackage: Moving 'E:/programs/UE4_learn/workdemo/Saved/BP_Character_baseEFF2C3DF417803E71A179EA879135F48.tmp' to 'E:/programs/UE4_learn/workdemo/Content/BluePrints/Characters/BP_Character_base.uasset'
[2025.08.25-15.52.39:144][340]AssetCheck: New page: Asset Save: BP_Character_base
[2025.08.25-15.52.39:144][340]LogContentValidation: Display: Validating Blueprint /Game/BluePrints/Characters/BP_Character_base.BP_Character_base
